2019-10-31T15:23:43.920+01:00,6,23.987
2019-10-31T16:10:31.680+01:00,6,46.796
2019-10-31T16:52:31.560+01:00,6,41.998
2019-10-31T17:37:16.380+01:00,6,44.747
2019-10-31T17:42:24.240+01:00,6,5.131
2019-10-31T18:27:43.260+01:00,6,45.317
2019-10-31T18:59:25.740+01:00,6,31.708
2019-10-31T19:25:39.420+01:00,6,26.228
2019-10-31T19:44:59.640+01:00,6,19.337
2019-10-31T20:02:48.900+01:00,6,17.821
2019-10-31T20:35:58.140+01:00,6,33.154
2019-10-31T20:58:36.060+01:00,6,22.632
2019-10-31T21:18:26.760+01:00,6,19.845
2019-10-31T21:50:13.320+01:00,6,31.776
2019-10-31T22:00:14.400+01:00,6,10.018
2019-10-31T22:26:14.340+01:00,6,25.999
2019-10-31T22:53:31.740+01:00,6,27.29
2019-10-31T23:37:36.240+01:00,6,44.075
2019-10-31T23:53:59.400+01:00,6,16.386
2019-11-01T00:32:50.160+01:00,6,38.846
2019-11-01T01:21:14.580+01:00,6,48.407
2019-11-01T01:48:07.680+01:00,6,26.885
2019-11-01T01:56:34.020+01:00,6,8.439
2019-11-01T02:15:41.940+01:00,6,19.132
2019-11-01T02:44:07.620+01:00,6,28.428
2019-11-01T03:33:58.920+01:00,6,49.855
2019-11-01T04:15:03.600+01:00,6,41.078
2019-11-01T04:34:15.780+01:00,6,19.203
2019-11-01T04:48:24.420+01:00,6,14.144
2019-11-01T05:23:32.640+01:00,6,35.137
2019-11-01T05:57:41.700+01:00,6,34.151
2019-11-01T06:18:27.660+01:00,6,20.766
2019-11-01T06:29:44.280+01:00,6,11.277
2019-11-01T07:14:09.060+01:00,6,44.413
2019-11-01T08:01:07.080+01:00,6,46.967
2019-11-01T08:35:45.540+01:00,6,34.641
2019-11-01T09:08:22.200+01:00,6,32.611
2019-11-01T09:18:09.180+01:00,6,9.783
2019-11-01T10:04:39.720+01:00,6,46.509
2019-11-01T10:50:19.680+01:00,6,45.666
2019-11-01T11:40:16.620+01:00,6,49.949
2019-11-01T11:54:37.260+01:00,6,14.344
2019-11-01T12:26:18.000+01:00,6,31.679
2019-11-01T13:14:34.440+01:00,6,48.274
2019-11-01T14:02:47.880+01:00,6,48.224
2019-11-01T14:11:27.120+01:00,6,8.654
2019-11-01T14:17:01.080+01:00,6,5.566
2019-11-01T14:51:47.040+01:00,6,34.766
2019-11-01T14:57:59.700+01:00,6,6.211
2019-11-01T15:42:43.560+01:00,6,44.731
2019-11-01T16:17:42.300+01:00,6,34.979
2019-11-01T16:57:47.760+01:00,6,40.091
2019-11-01T17:04:08.640+01:00,6,6.348
2019-11-01T17:46:29.220+01:00,6,42.343
2019-11-01T17:55:37.920+01:00,6,9.145
2019-11-01T18:02:36.240+01:00,6,6.972
2019-11-01T18:26:19.740+01:00,6,23.725
2019-11-01T19:11:05.340+01:00,6,44.76
2019-11-01T19:22:43.020+01:00,6,11.628
2019-11-01T19:30:32.160+01:00,6,7.819
2019-11-01T19:51:31.140+01:00,6,20.983
2019-11-01T20:27:27.720+01:00,6,35.943
2019-11-01T21:03:05.280+01:00,6,35.626
2019-11-01T21:24:10.260+01:00,6,21.083
2019-11-01T21:43:34.440+01:00,6,19.403
2019-11-01T22:08:35.280+01:00,6,25.014
2019-11-01T22:25:19.140+01:00,6,16.731
2019-11-01T22:37:44.700+01:00,6,12.426
2019-11-01T23:05:25.500+01:00,6,27.68
2019-11-01T23:28:18.300+01:00,6,22.88
2019-11-02T00:00:49.320+01:00,6,32.517
2019-11-02T00:28:27.000+01:00,6,27.628
2019-11-02T00:52:44.700+01:00,6,24.295
2019-11-02T01:06:13.620+01:00,6,13.482
2019-11-02T01:30:04.740+01:00,6,23.852
2019-11-02T01:42:41.520+01:00,6,12.613
2019-11-02T02:21:51.840+01:00,6,39.172
2019-11-02T02:58:24.360+01:00,6,36.542
2019-11-02T03:32:46.740+01:00,6,34.373
2019-11-02T03:53:09.660+01:00,6,20.382
2019-11-02T04:22:18.780+01:00,6,29.152
2019-11-02T05:05:59.280+01:00,6,43.675
2019-11-02T05:37:27.780+01:00,6,31.475
2019-11-02T06:02:11.040+01:00,6,24.721
2019-11-02T06:20:11.640+01:00,6,18.01
2019-11-02T06:36:22.920+01:00,6,16.188
2019-11-02T06:45:08.280+01:00,6,8.756
2019-11-02T07:20:12.240+01:00,6,35.066
2019-11-02T08:01:43.980+01:00,6,41.529
2019-11-02T08:17:33.240+01:00,6,15.821
2019-11-02T08:29:13.320+01:00,6,11.668
2019-11-02T09:03:58.200+01:00,6,34.748
2019-11-02T09:45:40.800+01:00,6,41.71
2019-11-02T10:10:39.000+01:00,6,24.97
2019-11-02T10:55:38.280+01:00,6,44.988
2019-11-02T11:32:10.680+01:00,6,36.54
2019-11-02T12:12:47.640+01:00,6,40.616
2019-11-02T12:21:47.280+01:00,6,8.994
2019-11-02T12:33:44.160+01:00,6,11.948
2019-11-02T12:42:56.280+01:00,6,9.202
2019-11-02T12:58:35.340+01:00,6,15.651
2019-11-02T13:10:30.600+01:00,6,11.921
2019-11-02T13:38:43.500+01:00,6,28.215
2019-11-02T14:02:10.680+01:00,6,23.453
2019-11-02T14:16:22.200+01:00,6,14.192
2019-11-02T14:57:39.720+01:00,6,41.292
2019-11-02T15:18:34.380+01:00,6,20.911
2019-11-02T16:02:04.620+01:00,6,43.504
2019-11-02T16:42:33.540+01:00,6,40.482
2019-11-02T17:02:17.940+01:00,6,19.74
2019-11-02T17:09:20.040+01:00,6,7.035
2019-11-02T17:33:25.440+01:00,6,24.09
2019-11-02T18:09:20.100+01:00,6,35.911
2019-11-02T18:57:49.440+01:00,6,48.489
2019-11-02T19:44:23.820+01:00,6,46.573
2019-11-02T20:19:27.900+01:00,6,35.068
2019-11-02T20:37:39.480+01:00,6,18.193
2019-11-02T21:09:25.680+01:00,6,31.77
2019-11-02T21:41:43.920+01:00,6,32.304
2019-11-02T21:58:33.480+01:00,6,16.826
2019-11-02T22:04:23.160+01:00,6,5.828
2019-11-02T22:13:27.540+01:00,6,9.073
2019-11-02T22:40:36.060+01:00,6,27.142
2019-11-02T23:04:16.560+01:00,6,23.675
2019-11-02T23:38:26.820+01:00,6,34.171
2019-11-03T00:18:30.360+01:00,6,40.059
2019-11-03T00:58:30.840+01:00,6,40.008
2019-11-03T01:04:12.900+01:00,6,5.701
2019-11-03T01:42:22.860+01:00,6,38.166
2019-11-03T02:31:09.840+01:00,6,48.783
2019-11-03T03:15:28.140+01:00,6,44.305
2019-11-03T03:50:42.720+01:00,6,35.243
2019-11-03T04:24:29.580+01:00,6,33.781
2019-11-03T04:53:30.360+01:00,6,29.013
2019-11-03T05:03:27.480+01:00,6,9.952
2019-11-03T05:09:31.980+01:00,6,6.075
2019-11-03T05:49:04.740+01:00,6,39.546
2019-11-03T06:22:45.360+01:00,6,33.677
2019-11-03T06:51:40.440+01:00,6,28.918
2019-11-03T07:40:11.340+01:00,6,48.515
2019-11-03T07:52:52.800+01:00,6,12.691
2019-11-03T08:12:40.380+01:00,6,19.793
2019-11-03T08:55:32.340+01:00,6,42.866
2019-11-03T09:18:42.960+01:00,6,23.177
2019-11-03T10:07:18.180+01:00,6,48.587
2019-11-03T10:30:03.300+01:00,6,22.752
2019-11-03T11:04:59.340+01:00,6,34.934
2019-11-03T11:43:14.880+01:00,6,38.259
2019-11-03T12:15:42.840+01:00,6,32.466
2019-11-03T12:26:30.480+01:00,6,10.794
2019-11-03T12:32:18.120+01:00,6,5.794
2019-11-03T13:18:56.220+01:00,6,46.635
2019-11-03T13:38:25.620+01:00,6,19.49
2019-11-03T14:19:51.360+01:00,6,41.429
2019-11-03T14:39:27.000+01:00,6,19.594
2019-11-03T14:46:37.200+01:00,6,7.17
2019-11-03T15:22:39.120+01:00,6,36.032
2019-11-03T15:32:19.440+01:00,6,9.672
2019-11-03T15:58:29.100+01:00,6,26.161
2019-11-03T16:40:29.700+01:00,6,42.01
2019-11-03T17:14:08.820+01:00,6,33.652
2019-11-03T18:00:25.800+01:00,6,46.283
2019-11-03T18:13:24.600+01:00,6,12.98
2019-11-03T18:41:33.180+01:00,6,28.143
2019-11-03T18:49:00.420+01:00,6,7.454
2019-11-03T19:16:01.020+01:00,6,27.01
2019-11-03T19:57:45.540+01:00,6,41.742
2019-11-03T20:46:23.040+01:00,6,48.625
2019-11-03T21:16:10.080+01:00,6,29.784
2019-11-03T21:56:59.580+01:00,6,40.825
2019-11-03T22:08:41.760+01:00,6,11.703
2019-11-03T22:22:24.240+01:00,6,13.708
2019-11-03T23:04:11.460+01:00,6,41.787
2019-11-03T23:47:52.920+01:00,6,43.691
2019-11-03T23:53:32.280+01:00,6,5.656
2019-11-03T23:59:29.100+01:00,6,5.947
2019-11-04T00:22:48.000+01:00,6,23.315
2019-11-04T00:30:03.720+01:00,6,7.262
2019-11-04T00:50:57.480+01:00,6,20.896
2019-11-04T01:33:11.580+01:00,6,42.235
2019-11-04T02:10:44.040+01:00,6,37.541
2019-11-04T02:31:20.460+01:00,6,20.607
2019-11-04T03:08:19.800+01:00,6,36.989
2019-11-04T03:27:24.900+01:00,6,19.085
2019-11-04T04:14:28.560+01:00,6,47.061
2019-11-04T04:21:16.380+01:00,6,6.797
2019-11-04T04:43:23.340+01:00,6,22.116
2019-11-04T05:23:41.400+01:00,6,40.301
2019-11-04T05:55:37.320+01:00,6,31.932
2019-11-04T06:14:18.120+01:00,6,18.68
2019-11-04T06:38:48.240+01:00,6,24.502
2019-11-04T07:20:40.020+01:00,6,41.863
2019-11-04T07:41:00.240+01:00,6,20.337
2019-11-04T07:55:33.900+01:00,6,14.561
2019-11-04T08:43:24.360+01:00,6,47.841
2019-11-04T09:06:41.520+01:00,6,23.286
2019-11-04T09:17:39.540+01:00,6,10.967
2019-11-04T09:31:04.440+01:00,6,13.415
2019-11-04T10:01:21.300+01:00,6,30.281
2019-11-04T10:48:06.240+01:00,6,46.749
2019-11-04T10:56:34.500+01:00,6,8.471
2019-11-04T11:45:54.000+01:00,6,49.325
2019-11-04T12:30:10.200+01:00,6,44.27
2019-11-04T13:08:10.860+01:00,6,38.011
2019-11-04T13:15:30.720+01:00,6,7.331
2019-11-04T13:25:51.420+01:00,6,10.345
2019-11-04T14:00:36.480+01:00,6,34.751
2019-11-04T14:48:28.620+01:00,6,47.869
2019-11-04T15:00:23.100+01:00,6,11.908
2019-11-04T15:33:12.180+01:00,6,32.818
2019-11-04T15:57:46.440+01:00,6,24.571
2019-11-04T16:28:12.300+01:00,6,30.431
2019-11-04T17:08:11.340+01:00,6,39.984
2019-11-04T17:55:56.880+01:00,6,47.759
2019-11-04T18:32:52.020+01:00,6,36.919
2019-11-04T19:04:44.100+01:00,6,31.868
2019-11-04T19:24:42.840+01:00,6,19.979
2019-11-04T20:09:38.160+01:00,6,44.922
2019-11-04T20:23:32.760+01:00,6,13.91
2019-11-04T20:51:51.120+01:00,6,28.306
2019-11-04T21:30:58.740+01:00,6,39.127
2019-11-04T21:53:24.840+01:00,6,22.435
2019-11-04T22:23:26.700+01:00,6,30.031
2019-11-04T22:28:29.700+01:00,6,5.05
2019-11-04T23:17:37.140+01:00,6,49.124
2019-11-04T23:34:16.620+01:00,6,16.658
2019-11-05T00:16:01.440+01:00,6,41.747
2019-11-05T00:22:00.300+01:00,6,5.981
2019-11-05T00:30:58.740+01:00,6,8.974
2019-11-05T01:19:37.440+01:00,6,48.645
2019-11-05T01:34:03.720+01:00,6,14.438
2019-11-05T02:19:16.380+01:00,6,45.211
2019-11-05T02:48:28.800+01:00,6,29.207
2019-11-05T02:59:45.900+01:00,6,11.285
2019-11-05T03:44:14.340+01:00,6,44.474
2019-11-05T03:57:31.320+01:00,6,13.283
2019-11-05T04:23:33.120+01:00,6,26.03
2019-11-05T05:10:31.500+01:00,6,46.973
2019-11-05T05:33:13.200+01:00,6,22.695
2019-11-05T06:00:02.940+01:00,6,26.829
2019-11-05T06:12:18.120+01:00,6,12.253
2019-11-05T06:51:44.580+01:00,6,39.441
2019-11-05T07:00:15.960+01:00,6,8.523
2019-11-05T07:12:43.140+01:00,6,12.453
2019-10-31T00:08:37.440+01:00,7,8.624
2019-10-31T00:50:14.880+01:00,7,41.624
2019-10-31T00:58:34.020+01:00,7,8.319
2019-10-31T01:07:26.460+01:00,7,8.874
2019-10-31T01:43:59.100+01:00,7,36.544
2019-10-31T02:05:56.100+01:00,7,21.95
2019-10-31T02:51:51.600+01:00,7,45.925
2019-10-31T03:30:29.040+01:00,7,38.624
2019-10-31T03:50:19.080+01:00,7,19.834
2019-10-31T04:31:41.040+01:00,7,41.366
2019-10-31T04:42:45.720+01:00,7,11.078
2019-10-31T05:29:28.500+01:00,7,46.713
2019-10-31T06:04:55.800+01:00,7,35.455
2019-10-31T06:34:43.680+01:00,7,29.798
2019-10-31T07:24:12.600+01:00,7,49.482
2019-10-31T07:49:28.920+01:00,7,25.272
2019-10-31T08:38:36.900+01:00,7,49.133
2019-10-31T09:03:04.920+01:00,7,24.467
2019-10-31T09:16:37.440+01:00,7,13.542
2019-10-31T09:25:42.720+01:00,7,9.088
2019-10-31T09:41:06.720+01:00,7,15.4
2019-10-31T09:57:05.460+01:00,7,15.979
2019-10-31T10:45:00.960+01:00,7,47.925
2019-10-31T10:53:11.700+01:00,7,8.179
2019-10-31T11:36:52.980+01:00,7,43.688
2019-10-31T11:43:07.800+01:00,7,6.247
2019-10-31T12:27:50.460+01:00,7,44.711
2019-10-31T12:35:51.180+01:00,7,8.012
2019-10-31T12:56:05.220+01:00,7,20.234
2019-10-31T13:07:53.580+01:00,7,11.806
2019-10-31T13:35:22.020+01:00,7,27.474
2019-10-31T13:41:46.320+01:00,7,6.405
2019-10-31T14:06:56.160+01:00,7,25.164
2019-10-31T14:17:16.020+01:00,7,10.331
2019-10-31T14:43:53.700+01:00,7,26.628
2019-10-31T15:09:38.700+01:00,7,25.75
2019-10-31T15:45:32.640+01:00,7,35.899
2019-10-31T16:18:21.600+01:00,7,32.816
2019-10-31T16:38:17.220+01:00,7,19.927
2019-10-31T16:49:19.080+01:00,7,11.031
2019-10-31T17:04:04.620+01:00,7,14.759
2019-10-31T17:20:38.520+01:00,7,16.565
2019-10-31T17:56:54.660+01:00,7,36.269
2019-10-31T18:10:43.800+01:00,7,13.819
2019-10-31T18:21:52.380+01:00,7,11.143
2019-10-31T19:01:32.100+01:00,7,39.662
2019-10-31T19:48:10.620+01:00,7,46.642
2019-10-31T20:35:54.960+01:00,7,47.739
2019-10-31T21:11:56.940+01:00,7,36.033
2019-10-31T21:45:32.880+01:00,7,33.599
2019-10-31T22:24:31.500+01:00,7,38.977
2019-10-31T23:05:03.900+01:00,7,40.54
2019-10-31T23:44:05.940+01:00,7,39.034
2019-10-31T23:52:13.380+01:00,7,8.124
2019-11-01T00:15:45.780+01:00,7,23.54
2019-11-01T00:40:14.460+01:00,7,24.478
2019-11-01T01:28:19.320+01:00,7,48.081
2019-11-01T02:00:23.280+01:00,7,32.066
2019-11-01T02:40:17.640+01:00,7,39.906
2019-11-01T03:25:04.680+01:00,7,44.784
2019-11-01T04:09:41.580+01:00,7,44.615
2019-11-01T04:33:58.260+01:00,7,24.278
2019-11-01T04:39:15.300+01:00,7,5.284
2019-11-01T05:27:21.300+01:00,7,48.1
2019-11-01T05:53:32.460+01:00,7,26.186
2019-11-01T06:13:26.340+01:00,7,19.898
2019-11-01T07:00:52.560+01:00,7,47.437
2019-11-01T07:34:01.560+01:00,7,33.15
2019-11-01T08:21:01.920+01:00,7,47.006
2019-11-01T08:38:41.280+01:00,7,17.656
2019-11-01T09:14:41.340+01:00,7,36.001
2019-11-01T09:28:27.240+01:00,7,13.765
2019-11-01T10:09:50.160+01:00,7,41.382
2019-11-01T10:41:05.520+01:00,7,31.256
2019-11-01T10:52:36.120+01:00,7,11.51
2019-11-01T11:15:24.660+01:00,7,22.809
2019-11-01T11:42:53.640+01:00,7,27.483
2019-11-01T12:07:35.940+01:00,7,24.705
2019-11-01T12:40:19.200+01:00,7,32.721
2019-11-01T13:16:28.440+01:00,7,36.154
2019-11-01T14:03:10.200+01:00,7,46.696
2019-11-01T14:25:16.500+01:00,7,22.105
2019-11-01T15:13:06.180+01:00,7,47.828
2019-11-01T15:26:36.240+01:00,7,13.501
2019-11-01T15:54:52.140+01:00,7,28.265
2019-11-01T16:04:02.760+01:00,7,9.177
2019-11-01T16:37:16.440+01:00,7,33.228
2019-11-01T16:48:09.360+01:00,7,10.882
2019-11-01T17:15:08.280+01:00,7,26.982
2019-11-01T17:40:32.400+01:00,7,25.402
2019-11-01T18:15:22.200+01:00,7,34.83
2019-11-01T18:27:12.720+01:00,7,11.842
2019-11-01T18:49:50.340+01:00,7,22.627
2019-11-01T19:20:41.880+01:00,7,30.859
2019-11-01T19:36:03.720+01:00,7,15.364
2019-11-01T19:54:34.860+01:00,7,18.519
2019-11-01T20:00:17.100+01:00,7,5.704
2019-11-01T20:27:57.120+01:00,7,27.667
2019-11-01T21:12:47.520+01:00,7,44.84
2019-11-01T21:42:11.280+01:00,7,29.396
2019-11-01T22:11:01.440+01:00,7,28.836
2019-11-01T22:54:48.780+01:00,7,43.789
2019-11-01T23:32:28.800+01:00,7,37.667
2019-11-01T23:38:27.840+01:00,7,5.984
2019-11-02T00:15:12.960+01:00,7,36.752
2019-11-02T00:57:31.740+01:00,7,42.313
2019-11-02T01:44:28.260+01:00,7,46.942
2019-11-02T01:56:00.360+01:00,7,11.535
2019-11-02T02:34:00.660+01:00,7,38.005
2019-11-02T02:50:16.080+01:00,7,16.257
2019-11-02T03:24:46.440+01:00,7,34.506
2019-11-02T04:10:30.360+01:00,7,45.732
2019-11-02T04:44:00.840+01:00,7,33.508
2019-11-02T05:20:52.260+01:00,7,36.857
2019-11-02T05:42:16.740+01:00,7,21.408
2019-11-02T06:01:12.300+01:00,7,18.926
2019-11-02T06:22:54.180+01:00,7,21.698
2019-11-02T07:03:40.920+01:00,7,40.779
2019-11-02T07:49:03.960+01:00,7,45.384
2019-11-02T08:15:17.400+01:00,7,26.224
2019-11-02T08:21:03.840+01:00,7,5.774
2019-11-02T08:39:14.460+01:00,7,18.177
2019-11-02T08:48:52.080+01:00,7,9.627
2019-11-02T09:33:21.780+01:00,7,44.495
2019-11-02T09:52:49.860+01:00,7,19.468
2019-11-02T10:21:35.280+01:00,7,28.757
2019-11-02T10:45:03.900+01:00,7,23.477
2019-11-02T11:05:50.460+01:00,7,20.776
2019-11-02T11:52:02.940+01:00,7,46.208
2019-11-02T12:06:07.740+01:00,7,14.08
2019-11-02T12:11:38.520+01:00,7,5.513
2019-11-02T12:32:28.500+01:00,7,20.833
2019-11-02T13:12:52.260+01:00,7,40.396
2019-11-02T13:53:02.400+01:00,7,40.169
2019-11-02T14:11:27.060+01:00,7,18.411
2019-11-02T14:59:42.300+01:00,7,48.254
2019-11-02T15:35:34.740+01:00,7,35.874
2019-11-02T15:50:57.180+01:00,7,15.374
2019-11-02T16:08:34.560+01:00,7,17.623
2019-11-02T16:49:05.940+01:00,7,40.523
2019-11-02T17:39:01.620+01:00,7,49.928
2019-11-02T17:46:35.580+01:00,7,7.566
2019-11-02T18:36:27.180+01:00,7,49.86
2019-11-02T18:53:40.980+01:00,7,17.23
2019-11-02T19:27:03.000+01:00,7,33.367
2019-11-02T19:46:29.880+01:00,7,19.448
2019-11-02T19:58:20.940+01:00,7,11.851
2019-11-02T20:43:43.740+01:00,7,45.38
2019-11-02T21:21:55.500+01:00,7,38.196
2019-11-02T21:56:52.800+01:00,7,34.955
2019-11-02T22:26:16.620+01:00,7,29.397
2019-11-02T22:39:57.660+01:00,7,13.684
2019-11-02T23:20:08.880+01:00,7,40.187
2019-11-03T00:01:01.380+01:00,7,40.875
2019-11-03T00:29:35.220+01:00,7,28.564
2019-11-03T00:58:07.920+01:00,7,28.545
2019-11-03T01:05:31.560+01:00,7,7.394
2019-11-03T01:48:09.600+01:00,7,42.634
2019-11-03T01:53:26.700+01:00,7,5.285
2019-11-03T02:13:57.360+01:00,7,20.511
2019-11-03T02:58:25.920+01:00,7,44.476
2019-11-03T03:42:48.600+01:00,7,44.378
2019-11-03T04:08:59.640+01:00,7,26.184
2019-11-03T04:32:22.740+01:00,7,23.385
2019-11-03T05:08:58.140+01:00,7,36.59
2019-11-03T05:15:13.740+01:00,7,6.26
2019-11-03T05:23:51.420+01:00,7,8.628
2019-11-03T05:52:04.980+01:00,7,28.226
2019-11-03T05:58:33.660+01:00,7,6.478
2019-11-03T06:16:54.540+01:00,7,18.348
2019-11-03T06:54:15.480+01:00,7,37.349
2019-11-03T07:28:22.860+01:00,7,34.123
2019-11-03T08:10:40.980+01:00,7,42.302
2019-11-03T08:16:36.540+01:00,7,5.926
2019-11-03T08:40:10.920+01:00,7,23.573
2019-11-03T09:27:39.120+01:00,7,47.47
2019-11-03T09:57:05.280+01:00,7,29.436
2019-11-03T10:06:23.340+01:00,7,9.301
2019-11-03T10:31:35.760+01:00,7,25.207
2019-11-03T11:17:32.940+01:00,7,45.953
2019-11-03T11:37:06.180+01:00,7,19.554
2019-11-03T12:09:11.100+01:00,7,32.082
2019-11-03T12:29:04.440+01:00,7,19.889
2019-11-03T12:36:39.240+01:00,7,7.58
2019-11-03T12:50:52.440+01:00,7,14.22
2019-11-03T13:03:01.680+01:00,7,12.154
2019-11-03T13:37:06.540+01:00,7,34.081
2019-11-03T14:10:19.500+01:00,7,33.216
2019-11-03T14:35:55.140+01:00,7,25.594
2019-11-03T15:19:37.800+01:00,7,43.711
2019-11-03T15:30:18.240+01:00,7,10.674
2019-11-03T16:18:22.320+01:00,7,48.068
2019-11-03T17:04:36.300+01:00,7,46.233
2019-11-03T17:26:15.420+01:00,7,21.652
2019-11-03T17:57:29.940+01:00,7,31.242
2019-11-03T18:38:10.680+01:00,7,40.679
2019-11-03T19:00:41.940+01:00,7,22.521
2019-11-03T19:25:54.660+01:00,7,25.212
2019-11-03T19:40:30.240+01:00,7,14.593
2019-11-03T20:02:36.300+01:00,7,22.101
2019-11-03T20:08:35.040+01:00,7,5.979
2019-11-03T20:46:33.600+01:00,7,37.976
2019-11-03T21:12:10.440+01:00,7,25.614
2019-11-03T21:42:36.360+01:00,7,30.432
2019-11-03T22:06:37.320+01:00,7,24.016
2019-11-03T22:17:08.640+01:00,7,10.522
2019-11-03T22:27:17.040+01:00,7,10.14
2019-11-03T22:44:34.500+01:00,7,17.291
2019-11-03T23:17:57.660+01:00,7,33.386
2019-11-03T23:36:41.040+01:00,7,18.723
2019-11-04T00:04:45.300+01:00,7,28.071
2019-11-04T00:37:37.980+01:00,7,32.878
2019-11-04T01:21:45.960+01:00,7,44.133
2019-11-04T02:10:24.240+01:00,7,48.638
2019-11-04T02:22:06.060+01:00,7,11.697
2019-11-04T02:48:21.900+01:00,7,26.264
2019-11-04T02:58:27.300+01:00,7,10.09
2019-11-04T03:09:37.500+01:00,7,11.17
2019-11-04T03:52:32.940+01:00,7,42.924
2019-11-04T04:28:03.420+01:00,7,35.508
2019-11-04T04:46:24.840+01:00,7,18.357
2019-11-04T05:25:20.940+01:00,7,38.935
2019-11-04T06:09:08.880+01:00,7,43.799
2019-11-04T06:32:53.280+01:00,7,23.74
2019-11-04T06:41:50.700+01:00,7,8.957
2019-11-04T06:46:51.180+01:00,7,5.008
2019-11-04T07:35:53.640+01:00,7,49.041
2019-11-04T08:18:44.460+01:00,7,42.847
2019-11-04T08:50:52.500+01:00,7,32.134
2019-11-04T09:01:53.580+01:00,7,11.018
2019-11-04T09:14:47.520+01:00,7,12.899
2019-11-04T09:20:18.360+01:00,7,5.514
2019-11-04T09:27:11.040+01:00,7,6.878
2019-11-04T10:14:32.160+01:00,7,47.352
2019-11-04T10:45:49.020+01:00,7,31.281
2019-11-04T11:00:42.180+01:00,7,14.886
2019-11-04T11:30:10.740+01:00,7,29.476
2019-11-04T12:04:02.940+01:00,7,33.87
2019-11-04T12:51:31.020+01:00,7,47.468
2019-11-04T13:29:19.920+01:00,7,37.815
2019-11-04T13:53:17.100+01:00,7,23.953
2019-11-04T14:29:46.320+01:00,7,36.487
2019-11-04T15:05:57.180+01:00,7,36.181
2019-11-04T15:35:35.820+01:00,7,29.644
2019-11-04T15:46:33.840+01:00,7,10.967
2019-11-04T15:52:47.280+01:00,7,6.224
2019-11-04T16:34:22.020+01:00,7,41.579
2019-11-04T17:16:57.960+01:00,7,42.599
2019-11-04T17:25:38.220+01:00,7,8.671
2019-11-04T18:02:58.320+01:00,7,37.335
2019-11-04T18:34:43.860+01:00,7,31.759
2019-11-04T18:59:52.260+01:00,7,25.14
2019-11-04T19:48:21.540+01:00,7,48.488
2019-11-04T20:13:12.960+01:00,7,24.857
2019-11-04T20:18:57.840+01:00,7,5.748
2019-11-04T20:50:55.980+01:00,7,31.969
2019-11-04T21:36:37.140+01:00,7,45.686
2019-11-04T22:15:25.320+01:00,7,38.803
2019-11-04T22:24:18.300+01:00,7,8.883
2019-11-04T22:52:27.480+01:00,7,28.153
2019-11-04T23:30:49.800+01:00,7,38.372
2019-11-05T00:13:39.600+01:00,7,42.83
2019-11-05T00:21:37.320+01:00,7,7.962
2019-11-05T00:48:04.080+01:00,7,26.446
2019-11-05T01:31:47.340+01:00,7,43.721
2019-11-05T01:54:09.780+01:00,7,22.374
2019-11-05T02:31:08.820+01:00,7,36.984
2019-11-05T03:02:28.200+01:00,7,31.323
2019-11-05T03:50:57.540+01:00,7,48.489
2019-11-05T04:13:13.800+01:00,7,22.271
2019-11-05T04:24:38.700+01:00,7,11.415
2019-11-05T04:46:58.620+01:00,7,22.332
2019-11-05T05:09:27.120+01:00,7,22.475
2019-11-05T05:38:00.960+01:00,7,28.564
2019-10-31T00:26:05.100+01:00,8,26.085
2019-10-31T00:57:40.920+01:00,8,31.597
2019-10-31T01:39:32.940+01:00,8,41.867
2019-10-31T02:05:50.580+01:00,8,26.294
2019-10-31T02:20:15.900+01:00,8,14.422
2019-10-31T03:04:19.320+01:00,8,44.057
2019-10-31T03:47:59.940+01:00,8,43.677
2019-10-31T04:12:36.840+01:00,8,24.615
2019-10-31T04:24:32.040+01:00,8,11.92
2019-10-31T04:59:17.880+01:00,8,34.764
2019-10-31T05:12:54.060+01:00,8,13.603
2019-10-31T05:40:30.360+01:00,8,27.605
2019-10-31T06:04:10.380+01:00,8,23.667
2019-10-31T06:30:57.360+01:00,8,26.783
2019-10-31T07:02:56.880+01:00,8,31.992
2019-10-31T07:29:43.440+01:00,8,26.776
2019-10-31T08:12:32.880+01:00,8,42.824
2019-10-31T08:37:33.660+01:00,8,25.013
2019-10-31T09:09:58.920+01:00,8,32.421
2019-10-31T09:30:59.520+01:00,8,21.01
2019-10-31T10:17:52.140+01:00,8,46.877
2019-10-31T11:05:24.240+01:00,8,47.535
2019-10-31T11:53:02.880+01:00,8,47.644
2019-10-31T12:24:26.220+01:00,8,31.389
2019-10-31T13:00:26.940+01:00,8,36.012
2019-10-31T13:50:15.480+01:00,8,49.809
2019-10-31T14:39:15.420+01:00,8,48.999
2019-10-31T14:58:31.320+01:00,8,19.265
2019-10-31T15:42:10.740+01:00,8,43.657
2019-10-31T16:15:32.040+01:00,8,33.355
2019-10-31T16:41:45.120+01:00,8,26.218
2019-10-31T16:59:42.420+01:00,8,17.955
2019-10-31T17:23:22.080+01:00,8,23.661
2019-10-31T18:04:04.500+01:00,8,40.707
2019-10-31T18:44:56.280+01:00,8,40.863
2019-10-31T19:30:52.620+01:00,8,45.939
2019-10-31T19:50:24.840+01:00,8,19.537
2019-10-31T20:10:36.300+01:00,8,20.191
2019-10-31T20:51:34.200+01:00,8,40.965
2019-10-31T21:36:40.620+01:00,8,45.107
2019-10-31T21:57:32.520+01:00,8,20.865
2019-10-31T22:09:52.800+01:00,8,12.338
2019-10-31T22:56:11.940+01:00,8,46.319
2019-10-31T23:08:45.960+01:00,8,12.567
2019-10-31T23:48:49.860+01:00,8,40.065
2019-11-01T00:18:33.780+01:00,8,29.732
2019-11-01T00:42:20.160+01:00,8,23.773
2019-11-01T01:14:43.020+01:00,8,32.381
2019-11-01T02:03:01.680+01:00,8,48.311
2019-11-01T02:38:08.940+01:00,8,35.121
2019-11-01T03:25:15.660+01:00,8,47.112
2019-11-01T03:39:23.580+01:00,8,14.132
2019-11-01T04:10:50.220+01:00,8,31.444
2019-11-01T04:37:20.340+01:00,8,26.502
2019-11-01T05:00:46.560+01:00,8,23.437
2019-11-01T05:32:28.380+01:00,8,31.697
2019-11-01T05:38:03.540+01:00,8,5.586
2019-11-01T06:02:56.100+01:00,8,24.876
2019-11-01T06:21:25.320+01:00,8,18.487
2019-11-01T06:26:51.840+01:00,8,5.442
2019-11-01T06:49:13.140+01:00,8,22.355
2019-11-01T07:25:15.420+01:00,8,36.038
2019-11-01T08:13:40.380+01:00,8,48.416
2019-11-01T09:00:49.500+01:00,8,47.152
2019-11-01T09:17:30.540+01:00,8,16.684
2019-11-01T09:35:01.800+01:00,8,17.521
2019-11-01T10:04:36.120+01:00,8,29.572
2019-11-01T10:12:42.420+01:00,8,8.105
2019-11-01T10:47:49.980+01:00,8,35.126
2019-11-01T11:27:52.380+01:00,8,40.04
2019-11-01T11:53:24.720+01:00,8,25.539
2019-11-01T12:18:06.000+01:00,8,24.688
2019-11-01T12:32:49.500+01:00,8,14.725
2019-11-01T12:44:50.340+01:00,8,12.014
2019-11-01T13:22:43.140+01:00,8,37.88
2019-11-01T13:31:50.580+01:00,8,9.124
2019-11-01T13:59:19.680+01:00,8,27.485
2019-11-01T14:26:22.800+01:00,8,27.052
2019-11-01T14:41:19.500+01:00,8,14.945
2019-11-01T14:57:42.840+01:00,8,16.389
2019-11-01T15:33:34.440+01:00,8,35.86
2019-11-01T15:39:50.820+01:00,8,6.273
2019-11-01T15:51:14.220+01:00,8,11.39
2019-11-01T16:25:18.840+01:00,8,34.077
2019-11-01T16:57:22.560+01:00,8,32.062
2019-11-01T17:30:00.240+01:00,8,32.628
2019-11-01T18:17:23.100+01:00,8,47.381
2019-11-01T19:01:03.300+01:00,8,43.67
2019-11-01T19:33:57.120+01:00,8,32.897
2019-11-01T19:48:33.300+01:00,8,14.603
2019-11-01T19:54:56.880+01:00,8,6.393
2019-11-01T20:40:55.140+01:00,8,45.971
2019-11-01T21:00:13.740+01:00,8,19.31
2019-11-01T21:16:20.100+01:00,8,16.106
2019-11-01T21:24:54.120+01:00,8,8.567
2019-11-01T22:09:57.000+01:00,8,45.048
2019-11-01T22:53:31.800+01:00,8,43.58
2019-11-01T23:29:44.880+01:00,8,36.218
2019-11-02T00:11:31.440+01:00,8,41.776
2019-11-02T00:28:30.660+01:00,8,16.987
2019-11-02T00:34:07.920+01:00,8,5.621
2019-11-02T01:13:27.840+01:00,8,39.332
2019-11-02T01:39:04.260+01:00,8,25.607
2019-11-02T02:00:56.160+01:00,8,21.865
2019-11-02T02:48:37.860+01:00,8,47.695
2019-11-02T03:19:15.060+01:00,8,30.62
2019-11-02T03:57:22.140+01:00,8,38.118
2019-11-02T04:06:59.940+01:00,8,9.63
2019-11-02T04:37:09.180+01:00,8,30.154
2019-11-02T05:17:36.420+01:00,8,40.454
2019-11-02T05:59:53.820+01:00,8,42.29
2019-11-02T06:40:11.400+01:00,8,40.293
2019-11-02T07:00:21.000+01:00,8,20.16
2019-11-02T07:33:46.380+01:00,8,33.423
2019-11-02T07:43:12.480+01:00,8,9.435
2019-11-02T08:29:51.480+01:00,8,46.65
2019-11-02T08:55:18.720+01:00,8,25.454
2019-11-02T09:17:10.140+01:00,8,21.857
2019-11-02T10:01:29.640+01:00,8,44.325
2019-11-02T10:09:55.500+01:00,8,8.431
2019-11-02T10:47:16.020+01:00,8,37.342
2019-11-02T11:06:34.380+01:00,8,19.306
2019-11-02T11:17:56.520+01:00,8,11.369
2019-11-02T12:01:50.280+01:00,8,43.896
2019-11-02T12:46:24.780+01:00,8,44.575
2019-11-02T13:00:25.560+01:00,8,14.013
2019-11-02T13:23:44.280+01:00,8,23.312
2019-11-02T13:43:28.860+01:00,8,19.743
2019-11-02T14:31:11.160+01:00,8,47.705
2019-11-02T14:57:15.240+01:00,8,26.068
2019-11-02T15:23:58.080+01:00,8,26.714
2019-11-02T16:02:38.100+01:00,8,38.667
2019-11-02T16:33:19.440+01:00,8,30.689
2019-11-02T16:48:40.620+01:00,8,15.353
2019-11-02T17:26:16.020+01:00,8,37.59
2019-11-02T18:12:20.880+01:00,8,46.081
2019-11-02T18:46:03.600+01:00,8,33.712
2019-11-02T18:59:21.780+01:00,8,13.303
2019-11-02T19:42:21.720+01:00,8,42.999
2019-11-02T20:31:37.920+01:00,8,49.27
2019-11-02T21:21:18.420+01:00,8,49.675
2019-11-02T21:44:58.740+01:00,8,23.672
2019-11-02T21:59:15.420+01:00,8,14.278
2019-11-02T22:46:06.240+01:00,8,46.847
2019-11-02T23:18:45.000+01:00,8,32.646
2019-11-02T23:56:16.380+01:00,8,37.523
2019-11-03T00:27:54.000+01:00,8,31.627
2019-11-03T01:06:16.260+01:00,8,38.371
2019-11-03T01:25:30.420+01:00,8,19.236
2019-11-03T02:01:12.300+01:00,8,35.698
2019-11-03T02:38:55.980+01:00,8,37.728
2019-11-03T03:19:47.940+01:00,8,40.866
2019-11-03T03:52:12.120+01:00,8,32.403
2019-11-03T04:03:30.420+01:00,8,11.305
2019-11-03T04:51:27.480+01:00,8,47.951
2019-11-03T05:14:01.560+01:00,8,22.568
2019-11-03T05:25:56.160+01:00,8,11.91
2019-11-03T06:04:12.540+01:00,8,38.273
2019-11-03T06:34:43.080+01:00,8,30.509
2019-11-03T06:47:31.800+01:00,8,12.812
2019-11-03T06:56:33.660+01:00,8,9.031
2019-11-03T07:12:10.020+01:00,8,15.606
2019-11-03T07:26:10.320+01:00,8,14.005
2019-11-03T08:12:20.820+01:00,8,46.175
2019-11-03T08:24:38.400+01:00,8,12.293
2019-11-03T08:47:50.580+01:00,8,23.203
2019-11-03T09:09:57.840+01:00,8,22.121
2019-11-03T09:20:48.780+01:00,8,10.849
2019-11-03T10:00:42.900+01:00,8,39.902
2019-11-03T10:13:13.320+01:00,8,12.507
2019-11-03T10:38:02.580+01:00,8,24.821
2019-11-03T11:05:59.940+01:00,8,27.956
2019-11-03T11:26:32.700+01:00,8,20.546
2019-11-03T11:56:57.240+01:00,8,30.409
2019-11-03T12:29:18.900+01:00,8,32.361
2019-11-03T13:02:11.460+01:00,8,32.876
2019-11-03T13:51:18.300+01:00,8,49.114
2019-11-03T14:30:56.820+01:00,8,39.642
2019-11-03T14:59:41.460+01:00,8,28.744
2019-11-03T15:09:01.140+01:00,8,9.328
2019-11-03T15:22:32.640+01:00,8,13.525
2019-11-03T16:10:47.400+01:00,8,48.246
2019-11-03T17:00:41.520+01:00,8,49.902
2019-11-03T17:23:00.540+01:00,8,22.317
2019-11-03T17:29:18.660+01:00,8,6.302
2019-11-03T17:52:20.880+01:00,8,23.037
2019-11-03T18:21:12.000+01:00,8,28.852
2019-11-03T18:47:31.800+01:00,8,26.33
2019-11-03T19:36:44.760+01:00,8,49.216
2019-11-03T19:44:53.340+01:00,8,8.143
2019-11-03T19:57:30.360+01:00,8,12.617
2019-11-03T20:29:29.940+01:00,8,31.993
2019-11-03T20:35:33.780+01:00,8,6.064
2019-11-03T20:59:52.380+01:00,8,24.31
2019-11-03T21:30:54.720+01:00,8,31.039
2019-11-03T21:44:17.100+01:00,8,13.373
2019-11-03T22:06:47.220+01:00,8,22.502
2019-11-03T22:29:46.740+01:00,8,22.992
2019-11-03T23:19:30.720+01:00,8,49.733
2019-11-03T23:58:03.660+01:00,8,38.549
2019-11-04T00:25:18.180+01:00,8,27.242
2019-11-04T00:46:53.040+01:00,8,21.581
2019-11-04T01:26:45.240+01:00,8,39.87
2019-11-04T01:59:57.780+01:00,8,33.209
2019-11-04T02:13:06.960+01:00,8,13.153
2019-11-04T02:22:11.640+01:00,8,9.078
2019-11-04T02:53:21.120+01:00,8,31.158
2019-11-04T03:01:33.660+01:00,8,8.209
2019-11-04T03:46:18.960+01:00,8,44.755
2019-11-04T04:29:29.880+01:00,8,43.182
2019-11-04T04:50:31.740+01:00,8,21.031
2019-11-04T05:39:20.760+01:00,8,48.817
2019-11-04T05:50:55.800+01:00,8,11.584
2019-11-04T06:16:14.460+01:00,8,25.311
2019-11-04T06:32:44.880+01:00,8,16.507
2019-11-04T07:20:11.700+01:00,8,47.447
2019-11-04T07:27:28.620+01:00,8,7.282
2019-11-04T08:03:02.040+01:00,8,35.557
2019-11-04T08:29:35.040+01:00,8,26.55
2019-11-04T08:52:42.960+01:00,8,23.132
2019-11-04T09:13:55.560+01:00,8,21.21
2019-11-04T09:41:53.760+01:00,8,27.97
2019-11-04T10:22:34.680+01:00,8,40.682
2019-11-04T10:31:37.980+01:00,8,9.055
2019-11-04T10:49:10.680+01:00,8,17.545
2019-11-04T11:24:07.080+01:00,8,34.94
2019-11-04T11:41:28.620+01:00,8,17.359
2019-11-04T12:15:39.660+01:00,8,34.184
2019-11-04T12:24:41.820+01:00,8,9.036
2019-11-04T13:04:31.860+01:00,8,39.834
2019-11-04T13:54:24.600+01:00,8,49.879
2019-11-04T14:03:38.220+01:00,8,9.227
2019-11-04T14:10:58.680+01:00,8,7.341
2019-11-04T14:19:28.740+01:00,8,8.501
2019-11-04T14:38:11.880+01:00,8,18.719
2019-11-04T15:07:02.040+01:00,8,28.836
2019-11-04T15:47:43.140+01:00,8,40.685
2019-11-04T16:08:02.340+01:00,8,20.32
2019-11-04T16:13:36.180+01:00,8,5.564
2019-11-04T16:33:49.920+01:00,8,20.229
2019-11-04T17:18:48.900+01:00,8,44.983
2019-11-04T17:27:48.480+01:00,8,8.993
2019-11-04T17:32:52.680+01:00,8,5.07
2019-11-04T18:05:50.280+01:00,8,32.96
2019-11-04T18:18:58.860+01:00,8,13.143
2019-11-04T18:33:13.740+01:00,8,14.248
2019-11-04T18:42:29.280+01:00,8,9.259
2019-11-04T18:48:54.840+01:00,8,6.426
2019-11-04T19:17:55.680+01:00,8,29.014
2019-11-04T19:51:52.020+01:00,8,33.939
2019-11-04T20:33:19.260+01:00,8,41.454
2019-11-04T21:04:04.200+01:00,8,30.749
2019-11-04T21:25:51.120+01:00,8,21.782
2019-11-04T21:33:21.780+01:00,8,7.511
2019-11-04T21:53:02.040+01:00,8,19.671
2019-11-04T22:10:34.560+01:00,8,17.542
2019-11-04T22:29:39.420+01:00,8,19.081
2019-11-04T22:57:20.100+01:00,8,27.678
2019-11-04T23:12:00.300+01:00,8,14.67
2019-11-04T23:54:06.540+01:00,8,42.104
2019-11-05T00:28:49.140+01:00,8,34.71
2019-11-05T00:35:25.320+01:00,8,6.603
2019-11-05T00:43:55.620+01:00,8,8.505
2019-11-05T01:00:38.520+01:00,8,16.715
2019-11-05T01:26:41.880+01:00,8,26.056
2019-11-05T01:32:11.880+01:00,8,5.5
2019-11-05T01:43:06.060+01:00,8,10.903
2019-11-05T02:09:43.320+01:00,8,26.621
2019-11-05T02:27:59.160+01:00,8,18.264
2019-11-05T02:41:54.060+01:00,8,13.915
2019-11-05T02:52:25.740+01:00,8,10.528
2019-11-05T03:19:40.380+01:00,8,27.244
2019-11-05T03:28:35.940+01:00,8,8.926
2019-11-05T04:00:24.900+01:00,8,31.816
2019-11-05T04:39:55.620+01:00,8,39.512
2019-10-31T00:47:28.080+01:00,9,47.468
2019-10-31T01:10:46.620+01:00,9,23.309
2019-10-31T01:16:26.820+01:00,9,5.67
2019-10-31T01:25:23.760+01:00,9,8.949
2019-10-31T01:50:19.560+01:00,9,24.93
2019-10-31T02:35:28.680+01:00,9,45.152
2019-10-31T02:56:00.480+01:00,9,20.53
2019-10-31T03:15:45.600+01:00,9,19.752
2019-10-31T03:46:50.340+01:00,9,31.079
2019-10-31T03:53:32.220+01:00,9,6.698
2019-10-31T04:24:02.580+01:00,9,30.506
2019-10-31T04:52:57.840+01:00,9,28.921
2019-10-31T05:07:52.140+01:00,9,14.905
2019-10-31T05:48:11.160+01:00,9,40.317
2019-10-31T06:06:22.920+01:00,9,18.196
2019-10-31T06:42:36.000+01:00,9,36.218
2019-10-31T07:31:26.880+01:00,9,48.848
2019-10-31T07:43:23.400+01:00,9,11.942
2019-10-31T08:20:19.980+01:00,9,36.943
2019-10-31T08:25:31.920+01:00,9,5.199
2019-10-31T08:37:17.100+01:00,9,11.753
2019-10-31T09:23:14.880+01:00,9,45.963
