2019-11-02T18:30:17.100+01:00,102,29.71
2019-11-02T19:12:47.580+01:00,102,42.508
2019-11-02T19:34:50.160+01:00,102,22.043
2019-11-02T20:21:31.560+01:00,102,46.69
2019-11-02T21:08:06.240+01:00,102,46.578
2019-11-02T21:49:18.060+01:00,102,41.197
2019-11-02T22:20:44.520+01:00,102,31.441
2019-11-02T22:33:00.060+01:00,102,12.259
2019-11-02T23:08:16.440+01:00,102,35.273
2019-11-02T23:52:19.740+01:00,102,44.055
2019-11-03T00:36:05.700+01:00,102,43.766
2019-11-03T00:51:45.960+01:00,102,15.671
2019-11-03T01:41:40.080+01:00,102,49.902
2019-11-03T01:55:22.680+01:00,102,13.71
2019-11-03T02:06:27.000+01:00,102,11.072
2019-11-03T02:41:04.740+01:00,102,34.629
2019-11-03T02:57:52.020+01:00,102,16.788
2019-11-03T03:45:58.200+01:00,102,48.103
2019-11-03T04:04:23.760+01:00,102,18.426
2019-11-03T04:22:45.240+01:00,102,18.358
2019-11-03T05:08:42.720+01:00,102,45.958
2019-11-03T05:45:11.160+01:00,102,36.474
2019-11-03T06:00:14.700+01:00,102,15.059
2019-11-03T06:35:00.540+01:00,102,34.764
2019-11-03T07:19:02.700+01:00,102,44.036
2019-11-03T07:33:42.000+01:00,102,14.655
2019-11-03T07:51:03.600+01:00,102,17.36
2019-11-03T08:39:16.260+01:00,102,48.211
2019-11-03T09:05:28.140+01:00,102,26.198
2019-11-03T09:54:38.700+01:00,102,49.176
2019-11-03T10:34:21.600+01:00,102,39.715
2019-11-03T11:06:46.200+01:00,102,32.41
2019-11-03T11:21:42.480+01:00,102,14.938
2019-11-03T11:57:31.560+01:00,102,35.818
2019-11-03T12:18:29.640+01:00,102,20.968
2019-11-03T12:59:15.120+01:00,102,40.758
2019-11-03T13:28:01.980+01:00,102,28.781
2019-11-03T14:00:16.140+01:00,102,32.236
2019-11-03T14:25:25.620+01:00,102,25.158
2019-11-03T15:07:29.520+01:00,102,42.065
2019-11-03T15:31:27.780+01:00,102,23.971
2019-11-03T16:12:23.460+01:00,102,40.928
2019-11-03T16:56:49.140+01:00,102,44.428
2019-11-03T17:37:52.500+01:00,102,41.056
2019-11-03T18:07:35.220+01:00,102,29.712
2019-11-03T18:21:55.920+01:00,102,14.345
2019-11-03T18:39:55.080+01:00,102,17.986
2019-11-03T19:07:49.200+01:00,102,27.902
2019-11-03T19:21:58.020+01:00,102,14.147
2019-11-03T19:52:42.480+01:00,102,30.741
2019-11-03T20:42:19.860+01:00,102,49.623
2019-11-03T21:32:12.480+01:00,102,49.877
2019-11-03T22:20:12.000+01:00,102,47.992
2019-11-03T23:06:53.220+01:00,102,46.687
2019-11-03T23:35:46.380+01:00,102,28.886
2019-11-03T23:41:30.540+01:00,102,5.736
2019-11-04T00:00:53.220+01:00,102,19.378
2019-11-04T00:44:19.200+01:00,102,43.433
2019-11-04T00:50:18.720+01:00,102,5.992
2019-11-04T01:34:36.960+01:00,102,44.304
2019-11-04T02:03:50.700+01:00,102,29.229
2019-11-04T02:47:22.140+01:00,102,43.524
2019-11-04T02:56:43.920+01:00,102,9.363
2019-11-04T03:13:24.000+01:00,102,16.668
2019-11-04T03:26:04.320+01:00,102,12.672
2019-11-04T04:06:20.220+01:00,102,40.265
2019-11-04T04:44:44.700+01:00,102,38.408
2019-11-04T04:58:16.080+01:00,102,13.523
2019-11-04T05:40:30.660+01:00,102,42.243
2019-11-04T06:28:51.300+01:00,102,48.344
2019-11-04T06:39:46.260+01:00,102,10.916
2019-11-04T06:46:51.660+01:00,102,7.09
2019-11-04T07:32:30.240+01:00,102,45.643
2019-11-04T07:51:35.460+01:00,102,19.087
2019-11-04T08:01:59.760+01:00,102,10.405
2019-11-04T08:25:38.700+01:00,102,23.649
2019-11-04T08:52:58.560+01:00,102,27.331
2019-11-04T09:23:37.560+01:00,102,30.65
2019-11-04T10:00:09.300+01:00,102,36.529
2019-11-04T10:48:33.000+01:00,102,48.395
2019-11-04T11:25:34.140+01:00,102,37.019
2019-11-04T11:45:00.300+01:00,102,19.436
2019-11-04T12:04:35.280+01:00,102,19.583
2019-11-04T12:20:07.140+01:00,102,15.531
2019-11-04T13:07:26.520+01:00,102,47.323
2019-11-04T13:56:53.100+01:00,102,49.443
2019-11-04T14:40:37.260+01:00,102,43.736
2019-11-04T15:07:53.460+01:00,102,27.27
2019-11-04T15:23:31.020+01:00,102,15.626
2019-11-04T15:57:33.900+01:00,102,34.048
2019-11-04T16:09:57.420+01:00,102,12.392
2019-11-04T16:45:25.080+01:00,102,35.461
2019-11-04T17:30:04.380+01:00,102,44.655
2019-11-04T18:00:18.840+01:00,102,30.241
2019-11-04T18:11:46.800+01:00,102,11.466
2019-11-04T18:57:26.520+01:00,102,45.662
2019-11-04T19:36:18.360+01:00,102,38.864
2019-11-04T20:05:06.000+01:00,102,28.794
2019-11-04T20:37:17.940+01:00,102,32.199
2019-11-04T20:43:13.080+01:00,102,5.919
2019-11-04T21:26:28.860+01:00,102,43.263
2019-11-04T22:05:51.600+01:00,102,39.379
2019-11-04T22:27:54.600+01:00,102,22.05
2019-11-04T22:48:52.860+01:00,102,20.971
2019-11-04T23:06:22.500+01:00,102,17.494
2019-11-04T23:34:57.900+01:00,102,28.59
2019-11-05T00:07:08.040+01:00,102,32.169
2019-11-05T00:27:48.960+01:00,102,20.682
2019-11-05T01:10:37.680+01:00,102,42.812
2019-11-05T01:59:21.600+01:00,102,48.732
2019-11-05T02:08:21.180+01:00,102,8.993
2019-11-05T02:48:00.360+01:00,102,39.653
2019-11-05T03:18:42.900+01:00,102,30.709
2019-11-05T03:33:41.640+01:00,102,14.979
2019-11-05T04:21:54.840+01:00,102,48.22
2019-11-05T04:51:36.180+01:00,102,29.689
2019-11-05T04:57:54.060+01:00,102,6.298
2019-11-05T05:34:58.500+01:00,102,37.074
2019-11-05T06:00:44.460+01:00,102,25.766
2019-11-05T06:35:31.440+01:00,102,34.783
2019-11-05T07:13:25.140+01:00,102,37.895
2019-11-05T07:57:46.260+01:00,102,44.352
2019-11-05T08:28:09.720+01:00,102,30.391
2019-11-05T09:09:14.400+01:00,102,41.078
2019-11-05T09:52:08.760+01:00,102,42.906
2019-11-05T10:03:34.320+01:00,102,11.426
2019-11-05T10:29:23.700+01:00,102,25.823
2019-10-31T00:11:27.300+01:00,103,11.455
2019-10-31T00:34:13.080+01:00,103,22.763
2019-10-31T00:56:04.740+01:00,103,21.861
2019-10-31T01:09:55.740+01:00,103,13.85
2019-10-31T01:43:34.140+01:00,103,33.64
2019-10-31T02:07:49.560+01:00,103,24.257
2019-10-31T02:25:09.660+01:00,103,17.335
2019-10-31T02:59:24.720+01:00,103,34.251
2019-10-31T03:38:36.480+01:00,103,39.196
2019-10-31T04:16:18.000+01:00,103,37.692
2019-10-31T04:59:51.840+01:00,103,43.564
2019-10-31T05:19:28.440+01:00,103,19.61
2019-10-31T05:45:28.800+01:00,103,26.006
2019-10-31T06:20:01.980+01:00,103,34.553
2019-10-31T06:29:09.660+01:00,103,9.128
2019-10-31T06:44:25.620+01:00,103,15.266
2019-10-31T07:32:25.200+01:00,103,47.993
2019-10-31T07:47:52.620+01:00,103,15.457
2019-10-31T08:32:36.900+01:00,103,44.738
2019-10-31T09:12:15.540+01:00,103,39.644
2019-10-31T09:36:00.960+01:00,103,23.757
2019-10-31T10:11:20.700+01:00,103,35.329
2019-10-31T10:31:10.020+01:00,103,19.822
2019-10-31T10:57:29.040+01:00,103,26.317
2019-10-31T11:44:29.820+01:00,103,47.013
2019-10-31T12:20:12.720+01:00,103,35.715
2019-10-31T12:50:37.140+01:00,103,30.407
2019-10-31T12:55:47.940+01:00,103,5.18
2019-10-31T13:16:21.780+01:00,103,20.564
2019-10-31T13:37:42.120+01:00,103,21.339
2019-10-31T13:43:57.540+01:00,103,6.257
2019-10-31T14:31:18.540+01:00,103,47.35
2019-10-31T14:45:33.660+01:00,103,14.252
2019-10-31T15:19:50.280+01:00,103,34.277
2019-10-31T15:50:35.460+01:00,103,30.753
2019-10-31T16:14:52.260+01:00,103,24.28
2019-10-31T17:04:29.280+01:00,103,49.617
2019-10-31T17:48:27.480+01:00,103,43.97
2019-10-31T18:20:13.560+01:00,103,31.768
2019-10-31T19:06:02.700+01:00,103,45.819
2019-10-31T19:34:38.460+01:00,103,28.596
2019-10-31T20:08:57.480+01:00,103,34.317
2019-10-31T20:53:26.400+01:00,103,44.482
2019-10-31T21:00:30.180+01:00,103,7.063
2019-10-31T21:39:13.500+01:00,103,38.722
2019-10-31T22:25:45.120+01:00,103,46.527
2019-10-31T22:56:05.940+01:00,103,30.347
2019-10-31T23:01:40.980+01:00,103,5.584
2019-10-31T23:40:45.960+01:00,103,39.083
2019-10-31T23:59:57.420+01:00,103,19.191
2019-11-01T00:18:47.880+01:00,103,18.841
2019-11-01T00:29:36.660+01:00,103,10.813
2019-11-01T01:01:18.660+01:00,103,31.7
2019-11-01T01:46:07.380+01:00,103,44.812
2019-11-01T01:51:42.480+01:00,103,5.585
2019-11-01T02:39:47.280+01:00,103,48.08
2019-11-01T03:17:29.340+01:00,103,37.701
2019-11-01T04:06:05.580+01:00,103,48.604
2019-11-01T04:46:58.380+01:00,103,40.88
2019-11-01T05:24:54.420+01:00,103,37.934
2019-11-01T06:13:53.640+01:00,103,48.987
2019-11-01T06:39:14.940+01:00,103,25.355
2019-11-01T07:22:05.640+01:00,103,42.845
2019-11-01T07:43:27.720+01:00,103,21.368
2019-11-01T07:55:30.420+01:00,103,12.045
2019-11-01T08:26:36.180+01:00,103,31.096
2019-11-01T08:58:00.240+01:00,103,31.401
2019-11-01T09:17:29.760+01:00,103,19.492
2019-11-01T10:07:21.180+01:00,103,49.857
2019-11-01T10:42:10.020+01:00,103,34.814
2019-11-01T11:21:13.920+01:00,103,39.065
2019-11-01T11:57:21.060+01:00,103,36.119
2019-11-01T12:40:54.000+01:00,103,43.549
2019-11-01T12:47:18.300+01:00,103,6.405
2019-11-01T13:05:01.740+01:00,103,17.724
2019-11-01T13:44:27.840+01:00,103,39.435
2019-11-01T14:11:25.140+01:00,103,26.955
2019-11-01T15:00:12.600+01:00,103,48.791
2019-11-01T15:10:31.860+01:00,103,10.321
2019-11-01T15:27:02.580+01:00,103,16.512
2019-11-01T15:48:56.400+01:00,103,21.897
2019-11-01T16:20:57.960+01:00,103,32.026
2019-11-01T16:26:13.560+01:00,103,5.26
2019-11-01T16:50:39.300+01:00,103,24.429
2019-11-01T17:15:49.020+01:00,103,25.162
2019-11-01T17:22:50.640+01:00,103,7.027
2019-11-01T17:44:14.400+01:00,103,21.396
2019-11-01T18:24:00.060+01:00,103,39.761
2019-11-01T18:54:42.120+01:00,103,30.701
2019-11-01T19:12:05.280+01:00,103,17.386
2019-11-01T19:50:55.020+01:00,103,38.829
2019-11-01T20:06:01.020+01:00,103,15.1
2019-11-01T20:39:16.740+01:00,103,33.262
2019-11-01T21:16:19.380+01:00,103,37.044
2019-11-01T21:36:32.040+01:00,103,20.211
2019-11-01T22:12:42.420+01:00,103,36.173
2019-11-01T23:01:00.300+01:00,103,48.298
2019-11-01T23:15:49.800+01:00,103,14.825
2019-11-01T23:59:42.240+01:00,103,43.874
2019-11-02T00:14:16.200+01:00,103,14.566
2019-11-02T00:34:36.420+01:00,103,20.337
2019-11-02T00:56:05.280+01:00,103,21.481
2019-11-02T01:38:10.260+01:00,103,42.083
2019-11-02T02:07:41.460+01:00,103,29.52
2019-11-02T02:45:32.160+01:00,103,37.845
2019-11-02T03:04:08.340+01:00,103,18.603
2019-11-02T03:27:02.220+01:00,103,22.898
2019-11-02T03:41:53.940+01:00,103,14.862
2019-11-02T04:16:53.520+01:00,103,34.993
2019-11-02T04:53:34.980+01:00,103,36.691
2019-11-02T05:02:25.020+01:00,103,8.834
2019-11-02T05:32:53.520+01:00,103,30.475
2019-11-02T06:07:08.280+01:00,103,34.246
2019-11-02T06:31:05.580+01:00,103,23.955
2019-11-02T06:37:24.180+01:00,103,6.31
2019-11-02T06:47:50.940+01:00,103,10.446
2019-11-02T07:07:12.540+01:00,103,19.36
2019-11-02T07:15:04.260+01:00,103,7.862
2019-11-02T07:56:12.780+01:00,103,41.142
2019-11-02T08:27:38.700+01:00,103,31.432
2019-11-02T08:52:50.760+01:00,103,25.201
2019-11-02T09:04:30.300+01:00,103,11.659
2019-11-02T09:35:14.280+01:00,103,30.733
2019-11-02T09:53:14.760+01:00,103,18.008
2019-11-02T10:21:34.080+01:00,103,28.322
2019-11-02T11:06:45.120+01:00,103,45.184
2019-11-02T11:33:09.900+01:00,103,26.413
2019-11-02T12:07:35.340+01:00,103,34.424
2019-11-02T12:45:05.520+01:00,103,37.503
2019-11-02T13:23:09.120+01:00,103,38.06
2019-11-02T13:51:10.140+01:00,103,28.017
2019-11-02T14:29:36.360+01:00,103,38.437
2019-11-02T14:48:46.260+01:00,103,19.165
2019-11-02T15:29:02.820+01:00,103,40.276
2019-11-02T15:43:07.800+01:00,103,14.083
2019-11-02T16:01:49.380+01:00,103,18.693
2019-11-02T16:35:41.400+01:00,103,33.867
2019-11-02T16:46:57.600+01:00,103,11.27
2019-11-02T17:16:13.800+01:00,103,29.27
2019-11-02T17:33:10.380+01:00,103,16.943
2019-11-02T18:05:35.880+01:00,103,32.425
2019-11-02T18:13:04.260+01:00,103,7.473
2019-11-02T18:39:18.540+01:00,103,26.238
2019-11-02T19:24:07.800+01:00,103,44.821
2019-11-02T20:13:37.500+01:00,103,49.495
2019-11-02T20:45:59.100+01:00,103,32.36
2019-11-02T20:58:06.180+01:00,103,12.118
2019-11-02T21:06:11.340+01:00,103,8.086
2019-11-02T21:17:00.540+01:00,103,10.82
2019-11-02T21:32:42.900+01:00,103,15.706
2019-11-02T21:56:48.720+01:00,103,24.097
2019-11-02T22:07:10.980+01:00,103,10.371
2019-11-02T22:34:43.260+01:00,103,27.538
2019-11-02T23:20:17.340+01:00,103,45.568
2019-11-03T00:08:20.580+01:00,103,48.054
2019-11-03T00:24:24.120+01:00,103,16.059
2019-11-03T01:11:32.220+01:00,103,47.135
2019-11-03T01:18:43.260+01:00,103,7.184
2019-11-03T01:41:23.940+01:00,103,22.678
2019-11-03T02:04:57.180+01:00,103,23.554
2019-11-03T02:42:19.800+01:00,103,37.377
2019-11-03T02:47:51.780+01:00,103,5.533
2019-11-03T03:20:22.500+01:00,103,32.512
2019-11-03T04:05:52.500+01:00,103,45.5
2019-11-03T04:23:52.980+01:00,103,18.008
2019-11-03T04:49:54.480+01:00,103,26.025
2019-11-03T05:32:00.420+01:00,103,42.099
2019-11-03T05:51:27.540+01:00,103,19.452
2019-11-03T05:59:51.660+01:00,103,8.402
2019-11-03T06:49:44.100+01:00,103,49.874
2019-11-03T07:34:59.220+01:00,103,45.252
2019-11-03T08:10:42.360+01:00,103,35.719
2019-11-03T08:59:23.940+01:00,103,48.693
2019-11-03T09:46:59.700+01:00,103,47.596
2019-11-03T10:28:18.960+01:00,103,41.321
2019-11-03T10:39:22.980+01:00,103,11.067
2019-11-03T11:13:20.160+01:00,103,33.953
2019-11-03T11:18:20.280+01:00,103,5.002
2019-11-03T11:33:11.880+01:00,103,14.86
2019-11-03T12:13:49.980+01:00,103,40.635
2019-11-03T12:50:07.080+01:00,103,36.285
2019-11-03T13:25:45.120+01:00,103,35.634
2019-11-03T13:53:44.700+01:00,103,27.993
2019-11-03T14:12:06.540+01:00,103,18.364
2019-11-03T14:20:22.560+01:00,103,8.267
2019-11-03T14:42:58.680+01:00,103,22.602
2019-11-03T15:12:57.540+01:00,103,29.981
2019-11-03T15:24:02.880+01:00,103,11.089
2019-11-03T16:08:42.600+01:00,103,44.662
2019-11-03T16:54:43.740+01:00,103,46.019
2019-11-03T17:12:56.280+01:00,103,18.209
2019-11-03T17:56:29.580+01:00,103,43.555
2019-11-03T18:22:22.740+01:00,103,25.886
2019-11-03T18:40:22.620+01:00,103,17.998
2019-11-03T19:18:38.460+01:00,103,38.264
2019-11-03T19:37:29.460+01:00,103,18.85
2019-11-03T19:48:39.840+01:00,103,11.173
2019-11-03T19:57:23.280+01:00,103,8.724
2019-11-03T20:10:34.380+01:00,103,13.185
2019-11-03T20:29:44.760+01:00,103,19.173
2019-11-03T20:42:43.800+01:00,103,12.984
2019-11-03T20:52:41.280+01:00,103,9.958
2019-11-03T21:23:21.480+01:00,103,30.67
2019-11-03T21:59:00.900+01:00,103,35.657
2019-11-03T22:33:16.800+01:00,103,34.265
2019-11-03T23:13:31.620+01:00,103,40.247
2019-11-03T23:25:16.200+01:00,103,11.743
2019-11-03T23:42:04.380+01:00,103,16.803
2019-11-03T23:50:08.700+01:00,103,8.072
2019-11-04T00:26:20.880+01:00,103,36.203
2019-11-04T01:09:35.160+01:00,103,43.238
2019-11-04T01:55:46.740+01:00,103,46.193
2019-11-04T02:26:02.160+01:00,103,30.257
2019-11-04T02:47:13.800+01:00,103,21.194
2019-11-04T03:15:00.060+01:00,103,27.771
2019-11-04T03:54:50.400+01:00,103,39.839
2019-11-04T04:31:51.540+01:00,103,37.019
2019-11-04T04:57:24.180+01:00,103,25.544
2019-11-04T05:17:39.000+01:00,103,20.247
2019-11-04T05:48:21.660+01:00,103,30.711
2019-11-04T06:35:23.520+01:00,103,47.031
2019-11-04T07:10:09.240+01:00,103,34.762
2019-11-04T07:41:10.320+01:00,103,31.018
2019-11-04T08:30:01.020+01:00,103,48.845
2019-11-04T09:07:57.240+01:00,103,37.937
2019-11-04T09:25:29.220+01:00,103,17.533
2019-11-04T09:59:03.060+01:00,103,33.564
2019-11-04T10:14:38.460+01:00,103,15.59
2019-11-04T10:21:44.880+01:00,103,7.107
2019-11-04T10:37:42.420+01:00,103,15.959
2019-11-04T11:15:30.060+01:00,103,37.794
2019-11-04T11:37:51.780+01:00,103,22.362
2019-11-04T12:07:24.660+01:00,103,29.548
2019-11-04T12:34:42.360+01:00,103,27.295
2019-11-04T13:00:33.300+01:00,103,25.849
2019-11-04T13:12:36.360+01:00,103,12.051
2019-11-04T13:46:41.520+01:00,103,34.086
2019-11-04T14:21:37.020+01:00,103,34.925
2019-11-04T14:40:35.460+01:00,103,18.974
2019-11-04T15:19:03.180+01:00,103,38.462
2019-11-04T15:33:23.940+01:00,103,14.346
2019-11-04T16:05:07.260+01:00,103,31.722
2019-11-04T16:33:51.900+01:00,103,28.744
2019-11-04T17:21:17.520+01:00,103,47.427
2019-11-04T17:37:18.540+01:00,103,16.017
2019-11-04T17:51:21.780+01:00,103,14.054
2019-11-04T18:04:32.760+01:00,103,13.183
2019-11-04T18:17:37.800+01:00,103,13.084
2019-11-04T18:37:17.040+01:00,103,19.654
2019-11-04T19:07:16.560+01:00,103,29.992
2019-11-04T19:15:00.360+01:00,103,7.73
2019-11-04T19:41:48.360+01:00,103,26.8
2019-11-04T20:14:39.540+01:00,103,32.853
2019-11-04T20:58:40.680+01:00,103,44.019
2019-11-04T21:41:11.040+01:00,103,42.506
2019-11-04T21:56:23.880+01:00,103,15.214
2019-11-04T22:14:00.540+01:00,103,17.611
2019-11-04T22:36:58.140+01:00,103,22.96
2019-11-04T22:42:01.020+01:00,103,5.048
2019-11-04T23:16:29.760+01:00,103,34.479
2019-11-04T23:59:41.520+01:00,103,43.196
2019-11-05T00:12:55.080+01:00,103,13.226
2019-11-05T00:37:24.600+01:00,103,24.492
2019-11-05T00:46:27.720+01:00,103,9.052
2019-11-05T00:57:26.940+01:00,103,10.987
2019-11-05T01:40:02.460+01:00,103,42.592
2019-11-05T02:12:56.220+01:00,103,32.896
2019-11-05T02:25:23.760+01:00,103,12.459
2019-11-05T02:55:08.340+01:00,103,29.743
2019-11-05T03:40:48.660+01:00,103,45.672
2019-11-05T03:45:55.800+01:00,103,5.119
2019-11-05T03:57:55.620+01:00,103,11.997
2019-11-05T04:46:08.100+01:00,103,48.208
2019-11-05T05:32:59.280+01:00,103,46.853
2019-11-05T06:17:56.340+01:00,103,44.951
2019-11-05T06:42:13.140+01:00,103,24.28
2019-10-31T00:18:26.820+01:00,104,18.447
2019-10-31T00:28:52.740+01:00,104,10.432
2019-10-31T00:45:45.300+01:00,104,16.876
2019-10-31T01:06:53.760+01:00,104,21.141
2019-10-31T01:35:32.400+01:00,104,28.644
2019-10-31T02:11:18.660+01:00,104,35.771
2019-10-31T02:19:48.840+01:00,104,8.503
2019-10-31T02:33:58.260+01:00,104,14.157
2019-10-31T02:40:51.840+01:00,104,6.893
2019-10-31T03:12:10.440+01:00,104,31.31
2019-10-31T03:26:00.360+01:00,104,13.832
2019-10-31T03:59:38.040+01:00,104,33.628
2019-10-31T04:47:29.700+01:00,104,47.861
2019-10-31T05:21:53.520+01:00,104,34.397
2019-10-31T06:06:47.640+01:00,104,44.902
2019-10-31T06:19:45.540+01:00,104,12.965
2019-10-31T06:51:42.900+01:00,104,31.956
2019-10-31T07:02:24.360+01:00,104,10.691
2019-10-31T07:47:59.460+01:00,104,45.585
2019-10-31T08:02:12.000+01:00,104,14.209
2019-10-31T08:28:33.240+01:00,104,26.354
2019-10-31T08:51:43.680+01:00,104,23.174
2019-10-31T08:59:11.760+01:00,104,7.468
2019-10-31T09:46:38.280+01:00,104,47.442
2019-10-31T10:32:47.880+01:00,104,46.16
2019-10-31T11:12:13.920+01:00,104,39.434
2019-10-31T11:26:36.600+01:00,104,14.378
2019-10-31T11:33:52.680+01:00,104,7.268
2019-10-31T11:54:34.200+01:00,104,20.692
2019-10-31T12:12:59.400+01:00,104,18.42
2019-10-31T12:47:48.600+01:00,104,34.82
2019-10-31T13:01:56.160+01:00,104,14.126
2019-10-31T13:29:03.000+01:00,104,27.114
2019-10-31T13:40:20.520+01:00,104,11.292
2019-10-31T14:27:27.720+01:00,104,47.12
2019-10-31T14:34:18.420+01:00,104,6.845
2019-10-31T14:49:07.020+01:00,104,14.81
2019-10-31T15:27:29.400+01:00,104,38.373
2019-10-31T15:58:07.860+01:00,104,30.641
2019-10-31T16:19:30.480+01:00,104,21.377
2019-10-31T17:00:15.600+01:00,104,40.752
2019-10-31T17:25:44.400+01:00,104,25.48
2019-10-31T17:48:40.500+01:00,104,22.935
2019-10-31T18:04:12.960+01:00,104,15.541
2019-10-31T18:19:26.340+01:00,104,15.223
2019-10-31T18:36:01.620+01:00,104,16.588
2019-10-31T19:16:29.280+01:00,104,40.461
2019-10-31T19:22:24.780+01:00,104,5.925
2019-10-31T19:42:45.060+01:00,104,20.338
2019-10-31T20:28:23.940+01:00,104,45.648
2019-10-31T20:57:40.920+01:00,104,29.283
2019-10-31T21:05:51.780+01:00,104,8.181
2019-10-31T21:36:26.160+01:00,104,30.573
2019-10-31T21:58:51.360+01:00,104,22.42
2019-10-31T22:10:13.920+01:00,104,11.376
2019-10-31T22:38:20.100+01:00,104,28.103
2019-10-31T23:00:14.460+01:00,104,21.906
2019-10-31T23:15:12.420+01:00,104,14.966
2019-10-31T23:34:46.920+01:00,104,19.575
2019-10-31T23:54:45.720+01:00,104,19.98
2019-11-01T00:10:34.200+01:00,104,15.808
2019-11-01T00:18:31.020+01:00,104,7.947
2019-11-01T00:52:05.460+01:00,104,33.574
2019-11-01T01:15:15.240+01:00,104,23.163
2019-11-01T01:54:09.780+01:00,104,38.909
2019-11-01T02:26:22.140+01:00,104,32.206
2019-11-01T03:15:58.080+01:00,104,49.599
2019-11-01T03:45:31.500+01:00,104,29.557
2019-11-01T04:01:51.840+01:00,104,16.339
2019-11-01T04:15:14.160+01:00,104,13.372
2019-11-01T04:38:49.560+01:00,104,23.59
2019-11-01T05:13:12.600+01:00,104,34.384
2019-11-01T05:18:43.380+01:00,104,5.513
2019-11-01T05:25:00.600+01:00,104,6.287
2019-11-01T05:34:18.180+01:00,104,9.293
2019-11-01T05:47:49.980+01:00,104,13.53
2019-11-01T06:33:38.640+01:00,104,45.811
2019-11-01T07:11:49.320+01:00,104,38.178
2019-11-01T07:31:57.120+01:00,104,20.13
2019-11-01T07:47:55.620+01:00,104,15.975
2019-11-01T08:19:32.400+01:00,104,31.613
2019-11-01T08:59:28.860+01:00,104,39.941
2019-11-01T09:12:56.040+01:00,104,13.453
2019-11-01T09:36:32.400+01:00,104,23.606
2019-11-01T10:21:48.480+01:00,104,45.268
2019-11-01T10:28:27.660+01:00,104,6.653
2019-11-01T11:05:22.200+01:00,104,36.909
2019-11-01T11:12:35.160+01:00,104,7.216
2019-11-01T11:49:22.020+01:00,104,36.781
2019-11-01T12:25:03.600+01:00,104,35.693
2019-11-01T12:38:42.600+01:00,104,13.65
2019-11-01T13:23:16.980+01:00,104,44.573
2019-11-01T14:03:27.600+01:00,104,40.177
2019-11-01T14:27:05.760+01:00,104,23.636
2019-11-01T14:46:37.140+01:00,104,19.523
2019-11-01T15:18:40.920+01:00,104,32.063
2019-11-01T15:26:41.820+01:00,104,8.015
2019-11-01T16:10:44.220+01:00,104,44.04
2019-11-01T16:44:33.240+01:00,104,33.817
2019-11-01T17:24:19.620+01:00,104,39.773
2019-11-01T18:05:36.240+01:00,104,41.277
2019-11-01T18:26:29.640+01:00,104,20.89
2019-11-01T19:04:36.060+01:00,104,38.107
2019-11-01T19:53:32.340+01:00,104,48.938
2019-11-01T20:32:03.420+01:00,104,38.518
2019-11-01T20:42:08.400+01:00,104,10.083
2019-11-01T21:27:48.000+01:00,104,45.66
2019-11-01T22:15:41.580+01:00,104,47.893
2019-11-01T22:22:08.880+01:00,104,6.455
2019-11-01T23:08:23.880+01:00,104,46.25
2019-11-01T23:30:11.400+01:00,104,21.792
2019-11-02T00:01:43.140+01:00,104,31.529
2019-11-02T00:21:55.620+01:00,104,20.208
2019-11-02T00:32:28.800+01:00,104,10.553
2019-11-02T01:20:14.940+01:00,104,47.769
2019-11-02T01:40:35.880+01:00,104,20.349
2019-11-02T02:00:19.860+01:00,104,19.733
2019-11-02T02:31:37.620+01:00,104,31.296
2019-11-02T03:00:23.760+01:00,104,28.769
2019-11-02T03:34:42.900+01:00,104,34.319
2019-11-02T03:46:31.020+01:00,104,11.802
2019-11-02T04:34:18.900+01:00,104,47.798
2019-11-02T04:47:49.440+01:00,104,13.509
2019-11-02T05:27:04.920+01:00,104,39.258
2019-11-02T06:09:55.320+01:00,104,42.84
2019-11-02T06:39:46.260+01:00,104,29.849
2019-11-02T07:27:25.680+01:00,104,47.657
2019-11-02T07:45:31.020+01:00,104,18.089
2019-11-02T08:27:14.700+01:00,104,41.728
2019-11-02T08:43:54.480+01:00,104,16.663
2019-11-02T09:28:00.720+01:00,104,44.104
2019-11-02T10:13:31.200+01:00,104,45.508
2019-11-02T10:40:15.240+01:00,104,26.734
2019-11-02T11:17:04.500+01:00,104,36.821
2019-11-02T11:43:18.480+01:00,104,26.233
2019-11-02T12:24:56.280+01:00,104,41.63
2019-11-02T12:51:00.120+01:00,104,26.064
2019-11-02T13:31:38.580+01:00,104,40.641
2019-11-02T13:39:49.440+01:00,104,8.181
2019-11-02T14:28:04.260+01:00,104,48.247
2019-11-02T15:09:06.960+01:00,104,41.045
2019-11-02T15:25:22.440+01:00,104,16.258
2019-11-02T15:48:40.440+01:00,104,23.3
2019-11-02T16:29:49.740+01:00,104,41.155
2019-11-02T17:00:08.040+01:00,104,30.305
2019-11-02T17:27:57.420+01:00,104,27.823
2019-11-02T17:36:20.340+01:00,104,8.382
2019-11-02T17:56:42.960+01:00,104,20.377
2019-11-02T18:16:02.100+01:00,104,19.319
2019-11-02T19:05:00.300+01:00,104,48.97
2019-11-02T19:34:06.180+01:00,104,29.098
2019-11-02T19:51:25.140+01:00,104,17.316
2019-11-02T20:34:54.420+01:00,104,43.488
2019-11-02T21:13:13.620+01:00,104,38.32
2019-11-02T21:28:57.720+01:00,104,15.735
2019-11-02T21:39:03.480+01:00,104,10.096
2019-11-02T22:18:04.320+01:00,104,39.014
2019-11-02T22:46:06.780+01:00,104,28.041
2019-11-02T23:05:11.640+01:00,104,19.081
2019-11-02T23:15:03.960+01:00,104,9.872
2019-11-02T23:38:34.860+01:00,104,23.515
2019-11-02T23:49:19.860+01:00,104,10.75
2019-11-02T23:59:55.500+01:00,104,10.594
2019-11-03T00:40:04.620+01:00,104,40.152
2019-11-03T01:19:57.180+01:00,104,39.876
2019-11-03T02:08:42.480+01:00,104,48.755
2019-11-03T02:51:07.440+01:00,104,42.416
2019-11-03T03:09:17.340+01:00,104,18.165
2019-11-03T03:21:22.320+01:00,104,12.083
2019-11-03T03:28:55.440+01:00,104,7.552
2019-11-03T03:44:19.860+01:00,104,15.407
2019-11-03T04:03:29.280+01:00,104,19.157
2019-11-03T04:33:45.120+01:00,104,30.264
2019-11-03T05:14:08.280+01:00,104,40.386
2019-11-03T05:26:39.420+01:00,104,12.519
2019-11-03T05:35:46.740+01:00,104,9.122
2019-11-03T05:55:11.160+01:00,104,19.407
2019-11-03T06:15:19.020+01:00,104,20.131
2019-11-03T06:49:47.880+01:00,104,34.481
2019-11-03T07:00:15.180+01:00,104,10.455
2019-11-03T07:16:30.060+01:00,104,16.248
2019-11-03T07:30:29.100+01:00,104,13.984
2019-11-03T08:16:01.260+01:00,104,45.536
2019-11-03T09:00:09.600+01:00,104,44.139
2019-11-03T09:26:02.220+01:00,104,25.877
2019-11-03T10:03:51.480+01:00,104,37.821
2019-11-03T10:49:26.340+01:00,104,45.581
2019-11-03T11:32:53.520+01:00,104,43.453
2019-11-03T12:00:02.040+01:00,104,27.142
2019-11-03T12:07:19.560+01:00,104,7.292
2019-11-03T12:27:27.960+01:00,104,20.14
2019-11-03T13:10:51.000+01:00,104,43.384
2019-11-03T13:33:19.980+01:00,104,22.483
2019-11-03T14:11:21.420+01:00,104,38.024
2019-11-03T14:54:29.100+01:00,104,43.128
2019-11-03T15:32:04.140+01:00,104,37.584
2019-11-03T16:00:07.200+01:00,104,28.051
2019-11-03T16:32:07.800+01:00,104,32.01
2019-11-03T17:05:15.960+01:00,104,33.136
2019-11-03T17:25:24.600+01:00,104,20.144
2019-11-03T17:48:25.680+01:00,104,23.018
2019-11-03T18:10:15.720+01:00,104,21.834
2019-11-03T18:35:20.460+01:00,104,25.079
2019-11-03T19:07:09.960+01:00,104,31.825
2019-11-03T19:40:04.680+01:00,104,32.912
2019-11-03T20:00:13.800+01:00,104,20.152
2019-11-03T20:20:59.100+01:00,104,20.755
2019-11-03T20:46:16.800+01:00,104,25.295
2019-11-03T21:14:56.100+01:00,104,28.655
2019-11-03T22:02:54.720+01:00,104,47.977
2019-11-03T22:17:08.520+01:00,104,14.23
2019-11-03T22:56:06.780+01:00,104,38.971
2019-11-03T23:44:21.900+01:00,104,48.252
2019-11-03T23:52:43.620+01:00,104,8.362
2019-11-04T00:28:05.220+01:00,104,35.36
2019-11-04T00:55:25.140+01:00,104,27.332
2019-11-04T01:31:54.240+01:00,104,36.485
2019-11-04T02:18:30.660+01:00,104,46.607
2019-11-04T03:08:02.340+01:00,104,49.528
2019-11-04T03:46:44.100+01:00,104,38.696
2019-11-04T04:35:24.840+01:00,104,48.679
2019-11-04T05:02:54.300+01:00,104,27.491
2019-11-04T05:15:18.780+01:00,104,12.408
2019-11-04T05:28:31.860+01:00,104,13.218
2019-11-04T05:37:55.800+01:00,104,9.399
2019-11-04T06:09:19.740+01:00,104,31.399
2019-11-04T06:56:15.600+01:00,104,46.931
2019-11-04T07:33:17.340+01:00,104,37.029
2019-11-04T08:07:31.380+01:00,104,34.234
2019-11-04T08:20:54.600+01:00,104,13.387
2019-11-04T09:03:22.860+01:00,104,42.471
2019-11-04T09:14:42.120+01:00,104,11.321
2019-11-04T09:26:19.020+01:00,104,11.615
2019-11-04T09:54:06.960+01:00,104,27.799
2019-11-04T10:18:20.160+01:00,104,24.22
2019-11-04T10:37:27.060+01:00,104,19.115
2019-11-04T11:25:44.640+01:00,104,48.293
2019-11-04T12:02:34.020+01:00,104,36.823
2019-11-04T12:07:40.380+01:00,104,5.106
2019-11-04T12:52:03.660+01:00,104,44.388
2019-11-04T13:27:35.580+01:00,104,35.532
2019-11-04T13:42:48.840+01:00,104,15.221
2019-11-04T14:19:38.040+01:00,104,36.82
2019-11-04T14:42:56.340+01:00,104,23.305
2019-11-04T15:04:01.500+01:00,104,21.086
2019-11-04T15:53:43.440+01:00,104,49.699
2019-11-04T16:37:25.920+01:00,104,43.708
2019-11-04T16:56:55.560+01:00,104,19.494
2019-11-04T17:39:03.420+01:00,104,42.131
2019-11-04T18:04:40.560+01:00,104,25.619
2019-11-04T18:16:46.500+01:00,104,12.099
2019-11-04T18:30:06.660+01:00,104,13.336
2019-11-04T18:38:19.860+01:00,104,8.22
2019-11-04T18:49:52.920+01:00,104,11.551
2019-11-04T19:11:15.180+01:00,104,21.371
2019-11-04T19:39:41.220+01:00,104,28.434
2019-11-04T19:59:21.900+01:00,104,19.678
2019-11-04T20:24:42.540+01:00,104,25.344
2019-11-04T21:14:19.080+01:00,104,49.609
2019-11-04T21:59:17.040+01:00,104,44.966
2019-11-04T22:15:06.000+01:00,104,15.816
2019-11-04T22:49:07.920+01:00,104,34.032
2019-11-04T23:33:27.060+01:00,104,44.319
2019-11-04T23:52:08.040+01:00,104,18.683
2019-11-04T23:59:23.760+01:00,104,7.262
2019-11-05T00:23:51.180+01:00,104,24.457
2019-11-05T01:04:10.380+01:00,104,40.32
2019-11-05T01:32:56.520+01:00,104,28.769
2019-11-05T02:12:52.440+01:00,104,39.932
2019-11-05T02:40:15.300+01:00,104,27.381
2019-11-05T03:19:43.680+01:00,104,39.473
2019-11-05T03:32:13.140+01:00,104,12.491
2019-11-05T04:17:08.220+01:00,104,44.918
2019-11-05T04:59:21.240+01:00,104,42.217
2019-11-05T05:48:16.500+01:00,104,48.921
2019-11-05T06:36:51.120+01:00,104,48.577
2019-11-05T07:24:57.600+01:00,104,48.108
2019-11-05T07:45:18.540+01:00,104,20.349
2019-10-31T00:46:42.300+01:00,105,46.705
2019-10-31T01:07:54.000+01:00,105,21.195
2019-10-31T01:29:10.200+01:00,105,21.27
2019-10-31T01:48:55.500+01:00,105,19.755
2019-10-31T02:11:40.800+01:00,105,22.755
2019-10-31T02:20:39.540+01:00,105,8.979
2019-10-31T03:00:58.500+01:00,105,40.316
2019-10-31T03:16:18.960+01:00,105,15.341
2019-10-31T03:22:46.680+01:00,105,6.462
2019-10-31T03:46:53.940+01:00,105,24.121
2019-10-31T04:28:05.160+01:00,105,41.187
2019-10-31T04:45:45.900+01:00,105,17.679
2019-10-31T04:51:04.620+01:00,105,5.312
2019-10-31T05:04:58.920+01:00,105,13.905
2019-10-31T05:41:52.200+01:00,105,36.888
2019-10-31T06:04:12.420+01:00,105,22.337
2019-10-31T06:23:09.540+01:00,105,18.952
2019-10-31T06:49:52.680+01:00,105,26.719
2019-10-31T06:59:46.740+01:00,105,9.901
2019-10-31T07:06:10.500+01:00,105,6.396
2019-10-31T07:36:26.700+01:00,105,30.27
2019-10-31T08:07:31.380+01:00,105,31.078
2019-10-31T08:38:56.520+01:00,105,31.419
2019-10-31T09:28:43.620+01:00,105,49.785
2019-10-31T10:18:01.380+01:00,105,49.296
2019-10-31T10:30:47.820+01:00,105,12.774
2019-10-31T10:51:49.260+01:00,105,21.024
2019-10-31T11:10:43.200+01:00,105,18.899
2019-10-31T11:19:29.460+01:00,105,8.771
2019-10-31T12:04:45.660+01:00,105,45.27
2019-10-31T12:51:22.800+01:00,105,46.619
2019-10-31T13:01:29.880+01:00,105,10.118
2019-10-31T13:16:34.080+01:00,105,15.07
2019-10-31T13:29:16.560+01:00,105,12.708
2019-10-31T14:18:10.200+01:00,105,48.894
2019-10-31T14:47:42.300+01:00,105,29.535
2019-10-31T14:57:24.780+01:00,105,9.708
2019-10-31T15:14:55.680+01:00,105,17.515
2019-10-31T15:46:28.440+01:00,105,31.546
2019-10-31T16:30:54.540+01:00,105,44.435
2019-10-31T16:43:41.280+01:00,105,12.779
2019-10-31T16:54:13.380+01:00,105,10.535
2019-10-31T17:16:20.280+01:00,105,22.115
2019-10-31T17:39:58.620+01:00,105,23.639
2019-10-31T17:55:59.280+01:00,105,16.011
2019-10-31T18:37:46.320+01:00,105,41.784
2019-10-31T19:24:26.820+01:00,105,46.675
2019-10-31T19:53:39.600+01:00,105,29.213
2019-10-31T20:42:37.980+01:00,105,48.973
2019-10-31T21:20:13.200+01:00,105,37.587
2019-10-31T21:55:43.440+01:00,105,35.504
2019-10-31T22:41:03.420+01:00,105,45.333
2019-10-31T23:26:41.160+01:00,105,45.629
2019-11-01T00:14:46.260+01:00,105,48.085
2019-11-01T01:00:22.500+01:00,105,45.604
2019-11-01T01:14:21.240+01:00,105,13.979
2019-11-01T01:28:16.020+01:00,105,13.913
2019-11-01T01:57:42.540+01:00,105,29.442
2019-11-01T02:18:03.660+01:00,105,20.352
2019-11-01T02:34:39.960+01:00,105,16.605
2019-11-01T02:47:19.320+01:00,105,12.656
2019-11-01T03:34:42.000+01:00,105,47.378
2019-11-01T03:49:35.820+01:00,105,14.897
2019-11-01T04:31:39.960+01:00,105,42.069
2019-11-01T04:41:47.580+01:00,105,10.127
2019-11-01T05:07:58.740+01:00,105,26.186
2019-11-01T05:57:50.880+01:00,105,49.869
2019-11-01T06:25:11.460+01:00,105,27.343
2019-11-01T06:38:59.640+01:00,105,13.803
2019-11-01T06:53:58.020+01:00,105,14.973
2019-11-01T07:36:27.720+01:00,105,42.495
2019-11-01T08:12:13.200+01:00,105,35.758
2019-11-01T08:28:04.920+01:00,105,15.862
2019-11-01T08:33:52.200+01:00,105,5.788
2019-11-01T09:08:18.300+01:00,105,34.435
2019-11-01T09:47:06.180+01:00,105,38.798
2019-11-01T10:14:55.680+01:00,105,27.825
2019-11-01T10:43:44.280+01:00,105,28.81
2019-11-01T11:06:38.760+01:00,105,22.908
2019-11-01T11:20:22.320+01:00,105,13.726
2019-11-01T11:56:21.060+01:00,105,35.979
2019-11-01T12:34:57.600+01:00,105,38.609
2019-11-01T12:47:23.280+01:00,105,12.428
2019-11-01T13:36:04.800+01:00,105,48.692
2019-11-01T13:48:33.480+01:00,105,12.478
2019-11-01T14:17:34.080+01:00,105,29.01
2019-11-01T14:25:49.440+01:00,105,8.256
2019-11-01T15:10:15.120+01:00,105,44.428
2019-11-01T15:46:18.060+01:00,105,36.049
2019-11-01T16:09:12.960+01:00,105,22.915
2019-11-01T16:21:57.420+01:00,105,12.741
2019-11-01T16:30:44.580+01:00,105,8.786
2019-11-01T16:40:08.940+01:00,105,9.406
2019-11-01T17:05:47.760+01:00,105,25.647
2019-11-01T17:18:07.740+01:00,105,12.333
2019-11-01T17:28:18.900+01:00,105,10.186
2019-11-01T17:59:48.480+01:00,105,31.493
2019-11-01T18:22:03.300+01:00,105,22.247
2019-11-01T18:34:46.380+01:00,105,12.718
2019-11-01T18:40:44.640+01:00,105,5.971
2019-11-01T19:02:34.260+01:00,105,21.827
2019-11-01T19:37:12.900+01:00,105,34.644
2019-11-01T19:46:15.660+01:00,105,9.046
2019-11-01T19:55:03.960+01:00,105,8.805
2019-11-01T20:14:25.560+01:00,105,19.36
2019-11-01T20:24:32.760+01:00,105,10.12
2019-11-01T20:59:59.280+01:00,105,35.442
2019-11-01T21:37:06.180+01:00,105,37.115
2019-11-01T22:15:02.580+01:00,105,37.94
2019-11-01T22:44:05.940+01:00,105,29.056
2019-11-01T23:18:24.840+01:00,105,34.315
2019-11-01T23:31:38.520+01:00,105,13.228
2019-11-01T23:45:44.160+01:00,105,14.094
2019-11-02T00:03:04.860+01:00,105,17.345
2019-11-02T00:14:48.420+01:00,105,11.726
2019-11-02T00:58:48.960+01:00,105,44.009
2019-11-02T01:27:19.440+01:00,105,28.508
2019-11-02T02:12:55.740+01:00,105,45.605
2019-11-02T02:55:07.560+01:00,105,42.197
2019-11-02T03:13:07.440+01:00,105,17.998
2019-11-02T03:25:51.600+01:00,105,12.736
2019-11-02T04:06:49.440+01:00,105,40.964
