2019-11-02T03:57:27.840+01:00,59,13.591
2019-11-02T04:28:55.080+01:00,59,31.454
2019-11-02T04:50:03.840+01:00,59,21.146
2019-11-02T05:03:35.820+01:00,59,13.533
2019-11-02T05:51:35.760+01:00,59,47.999
2019-11-02T06:12:47.280+01:00,59,21.192
2019-11-02T06:51:57.600+01:00,59,39.172
2019-11-02T07:00:41.520+01:00,59,8.732
2019-11-02T07:09:26.100+01:00,59,8.743
2019-11-02T07:49:37.080+01:00,59,40.183
2019-11-02T07:59:54.360+01:00,59,10.288
2019-11-02T08:39:01.680+01:00,59,39.122
2019-11-02T09:19:01.560+01:00,59,39.998
2019-11-02T09:54:40.740+01:00,59,35.653
2019-11-02T10:34:52.560+01:00,59,40.197
2019-11-02T11:21:09.840+01:00,59,46.288
2019-11-02T11:34:02.640+01:00,59,12.88
2019-11-02T12:11:35.700+01:00,59,37.551
2019-11-02T12:59:21.900+01:00,59,47.77
2019-11-02T13:10:46.260+01:00,59,11.406
2019-11-02T13:49:05.160+01:00,59,38.315
2019-11-02T14:29:09.300+01:00,59,40.069
2019-11-02T14:49:40.200+01:00,59,20.515
2019-11-02T15:01:24.420+01:00,59,11.737
2019-11-02T15:39:49.320+01:00,59,38.415
2019-11-02T16:05:01.800+01:00,59,25.208
2019-11-02T16:32:58.140+01:00,59,27.939
2019-11-02T16:45:23.280+01:00,59,12.419
2019-11-02T17:18:51.060+01:00,59,33.463
2019-11-02T17:38:11.040+01:00,59,19.333
2019-11-02T17:47:11.700+01:00,59,9.011
2019-11-02T18:08:52.800+01:00,59,21.685
2019-11-02T18:26:13.080+01:00,59,17.338
2019-11-02T19:03:43.260+01:00,59,37.503
2019-11-02T19:10:11.040+01:00,59,6.463
2019-11-02T19:44:51.000+01:00,59,34.666
2019-11-02T20:26:58.680+01:00,59,42.128
2019-11-02T20:38:46.200+01:00,59,11.792
2019-11-02T20:52:25.620+01:00,59,13.657
2019-11-02T21:27:45.960+01:00,59,35.339
2019-11-02T22:05:13.260+01:00,59,37.455
2019-11-02T22:13:15.060+01:00,59,8.03
2019-11-02T22:21:36.360+01:00,59,8.355
2019-11-02T23:06:09.960+01:00,59,44.56
2019-11-02T23:35:51.060+01:00,59,29.685
2019-11-02T23:59:43.680+01:00,59,23.877
2019-11-03T00:19:22.440+01:00,59,19.646
2019-11-03T00:33:05.040+01:00,59,13.71
2019-11-03T00:54:33.240+01:00,59,21.47
2019-11-03T01:16:53.460+01:00,59,22.337
2019-11-03T01:33:40.860+01:00,59,16.79
2019-11-03T01:48:03.420+01:00,59,14.376
2019-11-03T02:09:40.080+01:00,59,21.611
2019-11-03T02:51:54.360+01:00,59,42.238
2019-11-03T03:04:28.080+01:00,59,12.562
2019-11-03T03:25:48.540+01:00,59,21.341
2019-11-03T03:55:32.340+01:00,59,29.73
2019-11-03T04:06:54.660+01:00,59,11.372
2019-11-03T04:31:21.420+01:00,59,24.446
2019-11-03T04:59:13.080+01:00,59,27.861
2019-11-03T05:32:32.580+01:00,59,33.325
2019-11-03T05:41:16.920+01:00,59,8.739
2019-11-03T06:17:48.300+01:00,59,36.523
2019-11-03T06:32:25.080+01:00,59,14.613
2019-11-03T07:04:00.240+01:00,59,31.586
2019-11-03T07:28:58.080+01:00,59,24.964
2019-11-03T07:51:01.440+01:00,59,22.056
2019-11-03T08:00:36.180+01:00,59,9.579
2019-11-03T08:18:19.980+01:00,59,17.73
2019-11-03T08:56:22.500+01:00,59,38.042
2019-11-03T09:13:54.660+01:00,59,17.536
2019-11-03T10:02:47.700+01:00,59,48.884
2019-11-03T10:14:21.180+01:00,59,11.558
2019-11-03T11:03:18.720+01:00,59,48.959
2019-11-03T11:21:15.060+01:00,59,17.939
2019-11-03T11:59:28.800+01:00,59,38.229
2019-11-03T12:42:40.380+01:00,59,43.193
2019-11-03T13:20:16.860+01:00,59,37.608
2019-11-03T13:51:46.980+01:00,59,31.502
2019-11-03T13:59:45.120+01:00,59,7.969
2019-11-03T14:39:09.780+01:00,59,39.411
2019-11-03T14:51:41.100+01:00,59,12.522
2019-11-03T15:32:00.900+01:00,59,40.33
2019-11-03T15:48:05.460+01:00,59,16.076
2019-11-03T16:32:54.660+01:00,59,44.82
2019-11-03T17:12:17.340+01:00,59,39.378
2019-11-03T17:21:48.180+01:00,59,9.514
2019-11-03T17:58:55.620+01:00,59,37.124
2019-11-03T18:21:39.660+01:00,59,22.734
2019-11-03T19:10:40.020+01:00,59,49.006
2019-11-03T19:39:15.000+01:00,59,28.583
2019-11-03T20:12:12.720+01:00,59,32.962
2019-11-03T20:42:08.340+01:00,59,29.927
2019-11-03T21:17:26.280+01:00,59,35.299
2019-11-03T21:40:39.180+01:00,59,23.215
2019-11-03T22:03:04.620+01:00,59,22.424
2019-11-03T22:32:38.100+01:00,59,29.558
2019-11-03T22:59:05.160+01:00,59,26.451
2019-11-03T23:09:44.340+01:00,59,10.653
2019-11-03T23:23:41.280+01:00,59,13.949
2019-11-03T23:31:12.240+01:00,59,7.516
2019-11-03T23:59:53.700+01:00,59,28.691
2019-11-04T00:34:04.140+01:00,59,34.174
2019-11-04T00:51:17.640+01:00,59,17.225
2019-11-04T01:32:30.000+01:00,59,41.206
2019-11-04T01:38:44.400+01:00,59,6.24
2019-11-04T02:19:18.900+01:00,59,40.575
2019-11-04T02:35:58.200+01:00,59,16.655
2019-11-04T03:21:06.720+01:00,59,45.142
2019-11-04T04:00:03.600+01:00,59,38.948
2019-11-04T04:18:05.940+01:00,59,18.039
2019-11-04T04:54:21.780+01:00,59,36.264
2019-11-04T05:37:09.480+01:00,59,42.795
2019-11-04T05:48:02.880+01:00,59,10.89
2019-11-04T06:29:05.580+01:00,59,41.045
2019-11-04T07:16:06.900+01:00,59,47.022
2019-11-04T07:47:21.900+01:00,59,31.25
2019-11-04T08:24:10.200+01:00,59,36.805
2019-11-04T08:40:59.400+01:00,59,16.82
2019-11-04T09:26:43.980+01:00,59,45.743
2019-11-04T09:45:06.600+01:00,59,18.377
2019-11-04T10:13:30.420+01:00,59,28.397
2019-11-04T10:46:49.020+01:00,59,33.31
2019-11-04T11:29:33.480+01:00,59,42.741
2019-11-04T11:49:05.520+01:00,59,19.534
2019-11-04T11:54:22.020+01:00,59,5.275
2019-11-04T12:09:38.100+01:00,59,15.268
2019-11-04T12:48:01.080+01:00,59,38.383
2019-11-04T13:21:52.680+01:00,59,33.86
2019-11-04T13:52:10.500+01:00,59,30.297
2019-11-04T14:15:14.220+01:00,59,23.062
2019-11-04T15:00:00.120+01:00,59,44.765
2019-11-04T15:08:18.720+01:00,59,8.31
2019-11-04T15:50:12.900+01:00,59,41.903
2019-11-04T16:34:37.380+01:00,59,44.408
2019-11-04T17:05:03.600+01:00,59,30.437
2019-11-04T17:41:37.920+01:00,59,36.572
2019-11-04T18:01:46.980+01:00,59,20.151
2019-11-04T18:48:49.080+01:00,59,47.035
2019-11-04T19:36:57.600+01:00,59,48.142
2019-11-04T20:17:58.200+01:00,59,41.01
2019-11-04T20:25:38.340+01:00,59,7.669
2019-11-04T20:46:33.420+01:00,59,20.918
2019-11-04T20:53:52.980+01:00,59,7.326
2019-11-04T21:16:10.800+01:00,59,22.297
2019-11-04T21:51:33.600+01:00,59,35.38
2019-11-04T21:58:09.300+01:00,59,6.595
2019-11-04T22:36:16.980+01:00,59,38.128
2019-11-04T22:48:53.880+01:00,59,12.615
2019-11-04T23:06:35.760+01:00,59,17.698
2019-11-04T23:51:33.420+01:00,59,44.961
2019-11-05T00:08:23.160+01:00,59,16.829
2019-11-05T00:15:31.200+01:00,59,7.134
2019-11-05T00:20:40.200+01:00,59,5.15
2019-11-05T01:03:34.680+01:00,59,42.908
2019-11-05T01:37:00.060+01:00,59,33.423
2019-11-05T02:02:07.800+01:00,59,25.129
2019-11-05T02:35:51.900+01:00,59,33.735
2019-11-05T02:47:24.300+01:00,59,11.54
2019-11-05T03:05:55.320+01:00,59,18.517
2019-10-31T00:45:11.940+01:00,60,45.199
2019-10-31T01:28:13.920+01:00,60,43.033
2019-10-31T02:15:48.960+01:00,60,47.584
2019-10-31T02:45:11.700+01:00,60,29.379
2019-10-31T03:07:37.020+01:00,60,22.422
2019-10-31T03:46:13.440+01:00,60,38.607
2019-10-31T03:55:53.340+01:00,60,9.665
2019-10-31T04:38:33.480+01:00,60,42.669
2019-10-31T05:19:35.100+01:00,60,41.027
2019-10-31T06:04:40.560+01:00,60,45.091
2019-10-31T06:18:59.400+01:00,60,14.314
2019-10-31T06:49:25.440+01:00,60,30.434
2019-10-31T07:23:04.920+01:00,60,33.658
2019-10-31T07:53:52.560+01:00,60,30.794
2019-10-31T08:31:32.940+01:00,60,37.673
2019-10-31T08:46:57.180+01:00,60,15.404
2019-10-31T09:17:29.280+01:00,60,30.535
2019-10-31T09:53:36.840+01:00,60,36.126
2019-10-31T10:04:31.500+01:00,60,10.911
2019-10-31T10:26:17.280+01:00,60,21.763
2019-10-31T11:14:05.280+01:00,60,47.8
2019-10-31T11:33:53.820+01:00,60,19.809
2019-10-31T11:47:15.960+01:00,60,13.369
2019-10-31T12:17:00.360+01:00,60,29.74
2019-10-31T12:47:19.560+01:00,60,30.32
2019-10-31T13:23:16.020+01:00,60,35.941
2019-10-31T14:01:21.540+01:00,60,38.092
2019-10-31T14:12:41.280+01:00,60,11.329
2019-10-31T14:34:01.260+01:00,60,21.333
2019-10-31T15:13:18.300+01:00,60,39.284
2019-10-31T15:50:26.880+01:00,60,37.143
2019-10-31T16:06:22.140+01:00,60,15.921
2019-10-31T16:27:59.280+01:00,60,21.619
2019-10-31T16:42:06.720+01:00,60,14.124
2019-10-31T17:27:39.960+01:00,60,45.554
2019-10-31T18:03:40.860+01:00,60,36.015
2019-10-31T18:18:08.100+01:00,60,14.454
2019-10-31T18:37:18.660+01:00,60,19.176
2019-10-31T19:15:03.600+01:00,60,37.749
2019-10-31T19:28:30.000+01:00,60,13.44
2019-10-31T20:17:13.500+01:00,60,48.725
2019-10-31T20:27:03.960+01:00,60,9.841
2019-10-31T20:42:22.740+01:00,60,15.313
2019-10-31T21:12:49.260+01:00,60,30.442
2019-10-31T21:59:11.040+01:00,60,46.363
2019-10-31T22:34:15.000+01:00,60,35.066
2019-10-31T22:40:51.960+01:00,60,6.616
2019-10-31T23:12:25.500+01:00,60,31.559
2019-10-31T23:50:22.260+01:00,60,37.946
2019-11-01T00:25:28.380+01:00,60,35.102
2019-11-01T01:06:09.900+01:00,60,40.692
2019-11-01T01:44:22.320+01:00,60,38.207
2019-11-01T02:10:34.860+01:00,60,26.209
2019-11-01T02:54:44.460+01:00,60,44.16
2019-11-01T03:02:37.980+01:00,60,7.892
2019-11-01T03:45:40.260+01:00,60,43.038
2019-11-01T04:20:35.460+01:00,60,34.92
2019-11-01T04:59:25.800+01:00,60,38.839
2019-11-01T05:16:19.860+01:00,60,16.901
2019-11-01T05:43:46.440+01:00,60,27.443
2019-11-01T06:32:23.040+01:00,60,48.61
2019-11-01T06:39:04.200+01:00,60,6.686
2019-11-01T06:52:32.160+01:00,60,13.466
2019-11-01T07:37:44.160+01:00,60,45.2
2019-11-01T08:06:18.540+01:00,60,28.573
2019-11-01T08:24:29.340+01:00,60,18.18
2019-11-01T08:54:18.360+01:00,60,29.817
2019-11-01T09:23:37.500+01:00,60,29.319
2019-11-01T09:39:18.600+01:00,60,15.685
2019-11-01T10:10:55.080+01:00,60,31.608
2019-11-01T10:59:30.840+01:00,60,48.596
2019-11-01T11:20:32.460+01:00,60,21.027
2019-11-01T11:37:36.180+01:00,60,17.062
2019-11-01T12:27:11.520+01:00,60,49.589
2019-11-01T12:55:10.560+01:00,60,27.984
2019-11-01T13:38:06.540+01:00,60,42.933
2019-11-01T14:08:58.620+01:00,60,30.868
2019-11-01T14:19:53.640+01:00,60,10.917
2019-11-01T14:35:47.400+01:00,60,15.896
2019-11-01T15:15:50.940+01:00,60,40.059
2019-11-01T15:27:21.480+01:00,60,11.509
2019-11-01T15:56:43.680+01:00,60,29.37
2019-11-01T16:38:07.260+01:00,60,41.393
2019-11-01T17:10:40.740+01:00,60,32.558
2019-11-01T17:46:21.000+01:00,60,35.671
2019-11-01T18:32:54.120+01:00,60,46.552
2019-11-01T18:41:56.280+01:00,60,9.036
2019-11-01T19:01:31.020+01:00,60,19.579
2019-11-01T19:22:33.840+01:00,60,21.047
2019-11-01T20:06:41.400+01:00,60,44.126
2019-11-01T20:30:23.220+01:00,60,23.697
2019-11-01T20:51:37.920+01:00,60,21.245
2019-11-01T21:03:03.300+01:00,60,11.423
2019-11-01T21:44:54.240+01:00,60,41.849
2019-11-01T22:01:23.640+01:00,60,16.49
2019-11-01T22:43:27.540+01:00,60,42.065
2019-11-01T23:30:19.860+01:00,60,46.872
2019-11-02T00:18:30.360+01:00,60,48.175
2019-11-02T00:46:27.600+01:00,60,27.954
2019-11-02T01:26:15.300+01:00,60,39.795
2019-11-02T02:13:51.300+01:00,60,47.6
2019-11-02T02:53:07.980+01:00,60,39.278
2019-11-02T03:27:51.540+01:00,60,34.726
2019-11-02T03:54:28.260+01:00,60,26.612
2019-11-02T04:06:02.040+01:00,60,11.563
2019-11-02T04:43:53.940+01:00,60,37.865
2019-11-02T05:04:03.420+01:00,60,20.158
2019-11-02T05:28:38.400+01:00,60,24.583
2019-11-02T05:39:53.760+01:00,60,11.256
2019-11-02T06:23:20.040+01:00,60,43.438
2019-11-02T06:52:56.460+01:00,60,29.607
2019-11-02T07:28:14.160+01:00,60,35.295
2019-11-02T08:11:36.000+01:00,60,43.364
2019-11-02T08:56:32.100+01:00,60,44.935
2019-11-02T09:13:59.460+01:00,60,17.456
2019-11-02T09:52:21.780+01:00,60,38.372
2019-11-02T09:57:58.200+01:00,60,5.607
2019-11-02T10:45:57.600+01:00,60,47.99
2019-11-02T11:00:51.180+01:00,60,14.893
2019-11-02T11:09:09.000+01:00,60,8.297
2019-11-02T11:17:46.260+01:00,60,8.621
2019-11-02T12:06:22.380+01:00,60,48.602
2019-11-02T12:25:09.660+01:00,60,18.788
2019-11-02T12:54:01.740+01:00,60,28.868
2019-11-02T13:19:47.280+01:00,60,25.759
2019-11-02T14:03:06.960+01:00,60,43.328
2019-11-02T14:30:34.680+01:00,60,27.462
2019-11-02T14:56:08.460+01:00,60,25.563
2019-11-02T15:10:47.880+01:00,60,14.657
2019-11-02T15:37:18.120+01:00,60,26.504
2019-11-02T16:08:42.060+01:00,60,31.399
2019-11-02T16:15:29.340+01:00,60,6.788
2019-11-02T16:24:21.120+01:00,60,8.863
2019-11-02T17:04:57.060+01:00,60,40.599
2019-11-02T17:18:51.300+01:00,60,13.904
2019-11-02T18:04:33.300+01:00,60,45.7
2019-11-02T18:21:19.380+01:00,60,16.768
2019-11-02T18:52:09.300+01:00,60,30.832
2019-11-02T19:00:45.720+01:00,60,8.607
2019-11-02T19:15:39.480+01:00,60,14.896
2019-11-02T19:20:44.940+01:00,60,5.091
2019-11-02T19:26:58.560+01:00,60,6.227
2019-11-02T19:44:58.500+01:00,60,17.999
2019-11-02T20:01:17.460+01:00,60,16.316
2019-11-02T20:20:01.380+01:00,60,18.732
2019-11-02T20:39:43.200+01:00,60,19.697
2019-11-02T21:14:15.960+01:00,60,34.546
2019-11-02T21:45:42.840+01:00,60,31.448
2019-11-02T21:52:35.520+01:00,60,6.878
2019-11-02T22:06:12.360+01:00,60,13.614
2019-11-02T22:28:22.920+01:00,60,22.176
2019-11-02T23:04:21.360+01:00,60,35.974
2019-11-02T23:28:18.900+01:00,60,23.959
2019-11-02T23:37:48.000+01:00,60,9.485
2019-11-03T00:21:20.220+01:00,60,43.537
2019-11-03T01:09:28.920+01:00,60,48.145
2019-11-03T01:49:40.200+01:00,60,40.188
2019-11-03T02:28:35.640+01:00,60,38.924
2019-11-03T03:14:44.460+01:00,60,46.147
2019-11-03T03:49:21.780+01:00,60,34.622
2019-11-03T04:33:27.300+01:00,60,44.092
2019-11-03T05:20:34.380+01:00,60,47.118
2019-11-03T05:51:10.800+01:00,60,30.607
2019-11-03T06:14:33.300+01:00,60,23.375
2019-11-03T06:42:16.800+01:00,60,27.725
2019-11-03T07:11:45.000+01:00,60,29.47
2019-11-03T07:51:12.480+01:00,60,39.458
2019-11-03T08:16:46.440+01:00,60,25.566
2019-11-03T08:37:16.860+01:00,60,20.507
2019-11-03T08:48:16.260+01:00,60,10.99
2019-11-03T09:23:40.320+01:00,60,35.401
2019-11-03T10:07:29.520+01:00,60,43.82
2019-11-03T10:46:34.500+01:00,60,39.083
2019-11-03T11:06:48.120+01:00,60,20.227
2019-11-03T11:32:44.040+01:00,60,25.932
2019-11-03T12:09:04.080+01:00,60,36.334
2019-11-03T12:32:18.600+01:00,60,23.242
2019-11-03T12:38:27.240+01:00,60,6.144
2019-11-03T13:13:24.180+01:00,60,34.949
2019-11-03T13:25:47.820+01:00,60,12.394
2019-11-03T13:48:10.680+01:00,60,22.381
2019-11-03T13:58:26.040+01:00,60,10.256
2019-11-03T14:06:30.060+01:00,60,8.067
2019-11-03T14:35:31.500+01:00,60,29.024
2019-11-03T15:09:21.960+01:00,60,33.841
2019-11-03T15:34:34.440+01:00,60,25.208
2019-11-03T16:14:22.860+01:00,60,39.807
2019-11-03T17:03:25.140+01:00,60,49.038
2019-11-03T17:34:27.240+01:00,60,31.035
2019-11-03T18:16:09.780+01:00,60,41.709
2019-11-03T18:47:42.000+01:00,60,31.537
2019-11-03T19:10:24.000+01:00,60,22.7
2019-11-03T19:48:24.180+01:00,60,38.003
2019-11-03T20:07:37.920+01:00,60,19.229
2019-11-03T20:23:51.660+01:00,60,16.229
2019-11-03T20:31:50.400+01:00,60,7.979
2019-11-03T20:53:46.080+01:00,60,21.928
2019-11-03T21:34:11.580+01:00,60,40.425
2019-11-03T22:12:13.860+01:00,60,38.038
2019-11-03T22:17:56.280+01:00,60,5.707
2019-11-03T23:05:46.920+01:00,60,47.844
2019-11-03T23:20:21.300+01:00,60,14.573
2019-11-03T23:57:26.220+01:00,60,37.082
2019-11-04T00:29:27.960+01:00,60,32.029
2019-11-04T00:45:30.900+01:00,60,16.049
2019-11-04T00:59:40.260+01:00,60,14.156
2019-11-04T01:35:56.040+01:00,60,36.263
2019-11-04T02:03:19.500+01:00,60,27.391
2019-11-04T02:09:00.600+01:00,60,5.685
2019-11-04T02:35:07.380+01:00,60,26.113
2019-11-04T02:46:15.240+01:00,60,11.131
2019-11-04T03:33:21.960+01:00,60,47.112
2019-11-04T04:18:16.860+01:00,60,44.915
2019-11-04T04:44:57.540+01:00,60,26.678
2019-11-04T05:12:12.300+01:00,60,27.246
2019-11-04T05:49:03.480+01:00,60,36.853
2019-11-04T06:02:25.980+01:00,60,13.375
2019-11-04T06:18:48.960+01:00,60,16.383
2019-11-04T07:07:25.200+01:00,60,48.604
2019-11-04T07:18:25.380+01:00,60,11.003
2019-11-04T07:37:04.500+01:00,60,18.652
2019-11-04T07:54:47.940+01:00,60,17.724
2019-11-04T08:22:35.880+01:00,60,27.799
2019-11-04T08:46:51.720+01:00,60,24.264
2019-11-04T09:05:10.680+01:00,60,18.316
2019-11-04T09:13:56.700+01:00,60,8.767
2019-11-04T09:24:46.440+01:00,60,10.829
2019-11-04T09:44:27.000+01:00,60,19.676
2019-11-04T10:05:07.500+01:00,60,20.675
2019-11-04T10:44:53.820+01:00,60,39.772
2019-11-04T10:53:43.200+01:00,60,8.823
2019-11-04T11:42:40.440+01:00,60,48.954
2019-11-04T11:57:16.920+01:00,60,14.608
2019-11-04T12:18:07.560+01:00,60,20.844
2019-11-04T13:03:14.820+01:00,60,45.121
2019-11-04T13:27:39.300+01:00,60,24.408
2019-11-04T14:01:59.160+01:00,60,34.331
2019-11-04T14:18:06.240+01:00,60,16.118
2019-11-04T15:07:48.480+01:00,60,49.704
2019-11-04T15:38:58.620+01:00,60,31.169
2019-11-04T15:49:11.880+01:00,60,10.221
2019-11-04T16:14:12.540+01:00,60,25.011
2019-11-04T16:30:10.140+01:00,60,15.96
2019-11-04T17:19:20.820+01:00,60,49.178
2019-11-04T18:09:01.260+01:00,60,49.674
2019-11-04T18:38:06.240+01:00,60,29.083
2019-11-04T18:56:48.300+01:00,60,18.701
2019-11-04T19:24:25.800+01:00,60,27.625
2019-11-04T19:51:35.220+01:00,60,27.157
2019-11-04T20:31:27.900+01:00,60,39.878
2019-11-04T20:39:27.600+01:00,60,7.995
2019-11-04T21:13:00.480+01:00,60,33.548
2019-11-04T21:38:44.160+01:00,60,25.728
2019-11-04T22:06:29.460+01:00,60,27.755
2019-11-04T22:53:40.260+01:00,60,47.18
2019-11-04T23:39:35.520+01:00,60,45.921
2019-11-05T00:04:46.380+01:00,60,25.181
2019-11-05T00:17:58.560+01:00,60,13.203
2019-11-05T00:52:03.480+01:00,60,34.082
2019-11-05T01:37:35.760+01:00,60,45.538
2019-11-05T01:56:50.400+01:00,60,19.244
2019-11-05T02:22:13.320+01:00,60,25.382
2019-11-05T03:02:40.140+01:00,60,40.447
2019-11-05T03:13:56.760+01:00,60,11.277
2019-11-05T04:02:17.880+01:00,60,48.352
2019-11-05T04:28:11.460+01:00,60,25.893
2019-11-05T04:47:55.860+01:00,60,19.74
2019-11-05T05:02:16.620+01:00,60,14.346
2019-10-31T00:17:23.640+01:00,61,17.394
2019-10-31T01:02:12.300+01:00,61,44.811
2019-10-31T01:38:04.140+01:00,61,35.864
2019-10-31T02:25:12.660+01:00,61,47.142
2019-10-31T03:11:32.640+01:00,61,46.333
2019-10-31T03:29:26.880+01:00,61,17.904
2019-10-31T03:40:04.680+01:00,61,10.63
2019-10-31T03:50:45.720+01:00,61,10.684
2019-10-31T04:08:07.020+01:00,61,17.355
2019-10-31T04:26:15.900+01:00,61,18.148
2019-10-31T05:15:53.280+01:00,61,49.623
2019-10-31T06:05:50.520+01:00,61,49.954
2019-10-31T06:23:55.980+01:00,61,18.091
2019-10-31T07:07:13.320+01:00,61,43.289
2019-10-31T07:53:31.380+01:00,61,46.301
2019-10-31T08:26:17.460+01:00,61,32.768
2019-10-31T09:02:13.080+01:00,61,35.927
2019-10-31T09:08:55.320+01:00,61,6.704
2019-10-31T09:51:59.460+01:00,61,43.069
2019-10-31T10:03:33.900+01:00,61,11.574
2019-10-31T10:20:13.380+01:00,61,16.658
2019-10-31T10:58:29.460+01:00,61,38.268
2019-10-31T11:48:19.260+01:00,61,49.83
2019-10-31T12:21:10.800+01:00,61,32.859
2019-10-31T12:40:17.640+01:00,61,19.114
2019-10-31T12:54:20.220+01:00,61,14.043
2019-10-31T13:05:02.400+01:00,61,10.703
2019-10-31T13:30:00.600+01:00,61,24.97
2019-10-31T13:39:46.620+01:00,61,9.767
2019-10-31T14:22:58.320+01:00,61,43.195
2019-10-31T14:54:49.380+01:00,61,31.851
2019-10-31T15:18:04.860+01:00,61,23.258
2019-10-31T15:59:16.380+01:00,61,41.192
2019-10-31T16:31:45.660+01:00,61,32.488
2019-10-31T16:57:49.200+01:00,61,26.059
2019-10-31T17:17:19.080+01:00,61,19.498
2019-10-31T17:32:30.840+01:00,61,15.196
2019-10-31T17:41:50.820+01:00,61,9.333
2019-10-31T18:31:36.780+01:00,61,49.766
2019-10-31T18:57:17.700+01:00,61,25.682
2019-10-31T19:17:46.200+01:00,61,20.475
2019-10-31T20:05:05.700+01:00,61,47.325
2019-10-31T20:41:22.140+01:00,61,36.274
2019-10-31T20:46:29.520+01:00,61,5.123
2019-10-31T21:33:20.640+01:00,61,46.852
2019-10-31T21:52:58.260+01:00,61,19.627
2019-10-31T22:32:39.480+01:00,61,39.687
2019-10-31T22:55:24.840+01:00,61,22.756
2019-10-31T23:38:26.940+01:00,61,43.035
2019-10-31T23:46:29.700+01:00,61,8.046
2019-11-01T00:34:15.900+01:00,61,47.77
2019-11-01T01:19:05.460+01:00,61,44.826
2019-11-01T02:08:37.380+01:00,61,49.532
2019-11-01T02:37:54.240+01:00,61,29.281
2019-11-01T03:10:12.660+01:00,61,32.307
2019-11-01T03:43:51.060+01:00,61,33.64
2019-11-01T04:17:26.640+01:00,61,33.593
2019-11-01T04:25:44.580+01:00,61,8.299
2019-11-01T05:06:50.760+01:00,61,41.103
2019-11-01T05:21:31.980+01:00,61,14.687
2019-11-01T06:08:04.680+01:00,61,46.545
2019-11-01T06:36:14.040+01:00,61,28.156
2019-11-01T07:15:23.760+01:00,61,39.162
2019-11-01T07:33:53.040+01:00,61,18.488
2019-11-01T07:42:56.580+01:00,61,9.059
2019-11-01T08:19:04.860+01:00,61,36.138
2019-11-01T09:04:26.940+01:00,61,45.368
2019-11-01T09:48:04.680+01:00,61,43.629
2019-11-01T10:08:30.600+01:00,61,20.432
2019-11-01T10:27:12.960+01:00,61,18.706
2019-11-01T11:01:49.980+01:00,61,34.617
2019-11-01T11:30:29.100+01:00,61,28.652
2019-11-01T11:57:29.820+01:00,61,27.012
2019-11-01T12:30:41.340+01:00,61,33.192
2019-11-01T12:41:09.000+01:00,61,10.461
2019-11-01T13:21:24.900+01:00,61,40.265
2019-11-01T13:46:29.100+01:00,61,25.07
2019-11-01T14:33:40.200+01:00,61,47.185
2019-11-01T14:52:59.880+01:00,61,19.328
2019-11-01T15:23:25.560+01:00,61,30.428
2019-11-01T15:56:14.220+01:00,61,32.811
2019-11-01T16:44:05.280+01:00,61,47.851
2019-11-01T17:18:48.000+01:00,61,34.712
2019-11-01T17:58:43.020+01:00,61,39.917
2019-11-01T18:37:19.140+01:00,61,38.602
2019-11-01T19:07:34.440+01:00,61,30.255
2019-11-01T19:40:19.920+01:00,61,32.758
2019-11-01T20:19:28.380+01:00,61,39.141
2019-11-01T20:28:45.660+01:00,61,9.288
2019-11-01T20:44:05.700+01:00,61,15.334
2019-11-01T21:32:54.840+01:00,61,48.819
2019-11-01T22:04:32.220+01:00,61,31.623
2019-11-01T22:34:34.320+01:00,61,30.035
2019-11-01T22:56:44.880+01:00,61,22.176
2019-11-01T23:37:22.620+01:00,61,40.629
2019-11-02T00:01:21.180+01:00,61,23.976
2019-11-02T00:30:20.460+01:00,61,28.988
2019-11-02T01:00:49.440+01:00,61,30.483
2019-11-02T01:42:42.180+01:00,61,41.879
2019-11-02T01:58:58.680+01:00,61,16.275
2019-11-02T02:38:05.940+01:00,61,39.121
2019-11-02T02:58:38.940+01:00,61,20.55
2019-11-02T03:30:40.260+01:00,61,32.022
2019-11-02T03:36:59.040+01:00,61,6.313
2019-11-02T04:22:44.760+01:00,61,45.762
2019-11-02T04:34:17.580+01:00,61,11.547
2019-11-02T05:12:24.720+01:00,61,38.119
2019-11-02T05:33:11.700+01:00,61,20.783
2019-11-02T05:41:54.240+01:00,61,8.709
2019-11-02T06:01:44.880+01:00,61,19.844
2019-11-02T06:33:54.240+01:00,61,32.156
2019-11-02T07:05:47.280+01:00,61,31.884
2019-11-02T07:42:03.900+01:00,61,36.277
2019-11-02T08:14:00.540+01:00,61,31.944
2019-11-02T08:34:30.600+01:00,61,20.501
2019-11-02T08:57:43.800+01:00,61,23.22
2019-11-02T09:46:40.200+01:00,61,48.94
2019-11-02T09:55:30.240+01:00,61,8.834
2019-11-02T10:12:48.180+01:00,61,17.299
2019-11-02T10:18:46.560+01:00,61,5.973
2019-11-02T10:51:32.700+01:00,61,32.769
2019-11-02T10:57:34.260+01:00,61,6.026
2019-11-02T11:45:49.560+01:00,61,48.255
2019-11-02T11:53:23.460+01:00,61,7.565
2019-11-02T12:14:06.120+01:00,61,20.711
2019-11-02T12:59:13.620+01:00,61,45.125
2019-11-02T13:08:11.640+01:00,61,8.967
2019-11-02T13:20:25.320+01:00,61,12.228
2019-11-02T14:06:26.520+01:00,61,46.02
2019-11-02T14:17:21.060+01:00,61,10.909
2019-11-02T14:34:35.520+01:00,61,17.241
2019-11-02T15:11:09.060+01:00,61,36.559
2019-11-02T15:36:45.480+01:00,61,25.607
2019-11-02T15:52:05.340+01:00,61,15.331
2019-11-02T16:37:44.880+01:00,61,45.659
2019-11-02T16:57:38.400+01:00,61,19.892
2019-11-02T17:34:30.240+01:00,61,36.864
2019-11-02T17:47:29.820+01:00,61,12.993
2019-11-02T18:29:49.860+01:00,61,42.334
2019-11-02T19:05:02.940+01:00,61,35.218
2019-11-02T19:38:00.540+01:00,61,32.96
2019-11-02T19:53:56.820+01:00,61,15.938
2019-11-02T20:21:41.160+01:00,61,27.739
2019-11-02T20:58:16.200+01:00,61,36.584
2019-11-02T21:16:43.500+01:00,61,18.455
2019-11-02T21:58:30.600+01:00,61,41.785
2019-11-02T22:33:12.540+01:00,61,34.699
2019-11-02T22:45:00.600+01:00,61,11.801
2019-11-02T23:28:08.340+01:00,61,43.129
2019-11-02T23:49:52.200+01:00,61,21.731
2019-11-03T00:14:09.360+01:00,61,24.286
2019-11-03T00:27:27.300+01:00,61,13.299
2019-11-03T01:03:35.760+01:00,61,36.141
2019-11-03T01:10:33.180+01:00,61,6.957
2019-11-03T01:41:07.500+01:00,61,30.572
2019-11-03T01:57:10.500+01:00,61,16.05
2019-11-03T02:05:03.540+01:00,61,7.884
2019-11-03T02:28:40.680+01:00,61,23.619
2019-11-03T03:13:54.720+01:00,61,45.234
2019-11-03T03:42:31.200+01:00,61,28.608
2019-11-03T04:17:53.520+01:00,61,35.372
2019-11-03T05:01:42.720+01:00,61,43.82
2019-11-03T05:48:09.660+01:00,61,46.449
2019-11-03T06:13:25.920+01:00,61,25.271
2019-11-03T06:26:52.920+01:00,61,13.45
2019-11-03T07:05:08.880+01:00,61,38.266
2019-11-03T07:53:13.080+01:00,61,48.07
2019-11-03T08:27:08.520+01:00,61,33.924
2019-11-03T08:45:18.900+01:00,61,18.173
2019-11-03T09:33:20.460+01:00,61,48.026
2019-11-03T09:47:42.660+01:00,61,14.37
2019-11-03T10:06:25.740+01:00,61,18.718
2019-11-03T10:42:40.620+01:00,61,36.248
2019-11-03T11:02:39.000+01:00,61,19.973
2019-11-03T11:49:48.360+01:00,61,47.156
2019-11-03T12:32:56.640+01:00,61,43.138
2019-11-03T12:39:27.480+01:00,61,6.514
2019-11-03T12:44:48.120+01:00,61,5.344
2019-11-03T13:12:51.780+01:00,61,28.061
2019-11-03T13:18:00.420+01:00,61,5.144
2019-11-03T13:30:10.500+01:00,61,12.168
2019-11-03T14:07:20.640+01:00,61,37.169
2019-11-03T14:12:53.580+01:00,61,5.549
2019-11-03T14:57:14.340+01:00,61,44.346
2019-11-03T15:36:23.160+01:00,61,39.147
2019-11-03T16:15:17.220+01:00,61,38.901
2019-11-03T17:01:11.760+01:00,61,45.909
2019-11-03T17:11:51.300+01:00,61,10.659
2019-11-03T17:39:12.300+01:00,61,27.35
2019-11-03T17:53:04.020+01:00,61,13.862
2019-11-03T18:16:54.960+01:00,61,23.849
2019-11-03T18:57:52.080+01:00,61,40.952
2019-11-03T19:10:59.280+01:00,61,13.12
2019-11-03T19:30:50.820+01:00,61,19.859
2019-11-03T19:42:53.340+01:00,61,12.042
2019-11-03T20:10:43.620+01:00,61,27.838
2019-11-03T20:30:09.900+01:00,61,19.438
2019-11-03T21:08:11.040+01:00,61,38.019
2019-11-03T21:17:38.400+01:00,61,9.456
2019-11-03T21:29:40.740+01:00,61,12.039
2019-11-03T22:14:40.980+01:00,61,45.004
2019-11-03T22:20:27.600+01:00,61,5.777
2019-11-03T23:02:17.580+01:00,61,41.833
2019-11-03T23:23:29.460+01:00,61,21.198
2019-11-03T23:49:21.300+01:00,61,25.864
2019-11-04T00:10:15.720+01:00,61,20.907
2019-11-04T00:20:29.760+01:00,61,10.234
2019-11-04T00:30:08.340+01:00,61,9.643
2019-11-04T01:18:31.800+01:00,61,48.391
2019-11-04T01:45:48.060+01:00,61,27.271
2019-11-04T02:24:00.240+01:00,61,38.203
2019-11-04T02:48:29.700+01:00,61,24.491
2019-11-04T03:22:53.940+01:00,61,34.404
2019-11-04T04:02:14.220+01:00,61,39.338
2019-11-04T04:19:10.320+01:00,61,16.935
2019-11-04T04:26:49.020+01:00,61,7.645
2019-11-04T04:57:10.200+01:00,61,30.353
2019-11-04T05:11:22.440+01:00,61,14.204
2019-11-04T05:35:23.880+01:00,61,24.024
2019-11-04T05:45:46.140+01:00,61,10.371
2019-11-04T06:03:53.040+01:00,61,18.115
2019-11-04T06:08:56.700+01:00,61,5.061
2019-11-04T06:17:32.220+01:00,61,8.592
2019-11-04T06:46:19.020+01:00,61,28.78
2019-11-04T07:29:40.980+01:00,61,43.366
2019-11-04T08:19:24.060+01:00,61,49.718
2019-11-04T08:57:21.360+01:00,61,37.955
2019-11-04T09:44:21.420+01:00,61,47.001
2019-11-04T09:58:53.820+01:00,61,14.54
2019-11-04T10:27:31.560+01:00,61,28.629
2019-11-04T10:35:11.760+01:00,61,7.67
2019-11-04T11:17:16.680+01:00,61,42.082
2019-11-04T12:00:41.940+01:00,61,43.421
2019-11-04T12:35:51.000+01:00,61,35.151
2019-11-04T12:52:05.760+01:00,61,16.246
2019-11-04T13:10:10.620+01:00,61,18.081
2019-11-04T13:37:30.600+01:00,61,27.333
2019-11-04T14:19:46.620+01:00,61,42.267
2019-11-04T14:50:58.920+01:00,61,31.205
2019-11-04T15:32:22.800+01:00,61,41.398
2019-11-04T15:50:48.840+01:00,61,18.434
2019-11-04T16:08:49.140+01:00,61,18.005
2019-11-04T16:38:41.700+01:00,61,29.876
2019-11-04T17:11:03.240+01:00,61,32.359
2019-11-04T17:30:03.600+01:00,61,19.006
2019-11-04T17:44:53.520+01:00,61,14.832
2019-11-04T18:23:09.600+01:00,61,38.268
2019-11-04T18:29:29.700+01:00,61,6.335
2019-11-04T19:03:37.560+01:00,61,34.131
2019-11-04T19:30:06.720+01:00,61,26.486
2019-11-04T19:37:46.080+01:00,61,7.656
2019-11-04T20:00:31.500+01:00,61,22.757
2019-11-04T20:49:04.980+01:00,61,48.558
2019-11-04T21:37:09.180+01:00,61,48.07
2019-11-04T21:46:39.720+01:00,61,9.509
2019-11-04T22:20:03.000+01:00,61,33.388
2019-11-04T22:43:18.240+01:00,61,23.254
2019-11-04T23:12:58.860+01:00,61,29.677
2019-11-04T23:34:01.200+01:00,61,21.039
2019-11-05T00:12:34.800+01:00,61,38.56
2019-11-05T00:36:46.500+01:00,61,24.195
2019-11-05T00:49:08.340+01:00,61,12.364
2019-11-05T01:18:18.960+01:00,61,29.177
2019-11-05T01:53:37.080+01:00,61,35.302
2019-11-05T02:34:28.440+01:00,61,40.856
2019-11-05T03:08:25.740+01:00,61,33.955
2019-11-05T03:19:18.540+01:00,61,10.88
2019-11-05T03:44:46.560+01:00,61,25.467
2019-11-05T04:04:53.340+01:00,61,20.113
2019-11-05T04:21:33.480+01:00,61,16.669
2019-11-05T04:42:34.080+01:00,61,21.01
2019-11-05T05:19:39.000+01:00,61,37.082
2019-11-05T06:00:33.960+01:00,61,40.916
2019-11-05T06:10:54.360+01:00,61,10.34
2019-11-05T06:28:49.020+01:00,61,17.911
2019-10-31T00:37:09.900+01:00,62,37.165
2019-10-31T00:51:48.960+01:00,62,14.651
2019-10-31T01:18:37.680+01:00,62,26.812
2019-10-31T01:34:02.400+01:00,62,15.412
2019-10-31T01:46:03.660+01:00,62,12.021
2019-10-31T02:23:32.400+01:00,62,37.479
2019-10-31T02:53:32.460+01:00,62,30.001
2019-10-31T03:30:38.220+01:00,62,37.096
2019-10-31T04:12:27.600+01:00,62,41.823
2019-10-31T04:48:52.620+01:00,62,36.417
2019-10-31T04:58:12.780+01:00,62,9.336
2019-10-31T05:33:13.980+01:00,62,35.02
2019-10-31T06:11:21.840+01:00,62,38.131
2019-10-31T06:17:24.360+01:00,62,6.042
2019-10-31T06:55:18.720+01:00,62,37.906
2019-10-31T07:39:00.900+01:00,62,43.703
2019-10-31T08:28:28.560+01:00,62,49.461
2019-10-31T08:49:01.020+01:00,62,20.541
2019-10-31T08:57:51.600+01:00,62,8.843
2019-10-31T09:24:22.140+01:00,62,26.509
2019-10-31T10:08:10.320+01:00,62,43.803
2019-10-31T10:37:32.040+01:00,62,29.362
2019-10-31T11:21:28.200+01:00,62,43.936
2019-10-31T11:54:23.520+01:00,62,32.922
2019-10-31T12:19:43.020+01:00,62,25.325
2019-10-31T12:39:05.340+01:00,62,19.372
2019-10-31T12:57:30.540+01:00,62,18.42
2019-10-31T13:39:35.100+01:00,62,42.076
2019-10-31T13:47:52.680+01:00,62,8.293
2019-10-31T14:01:10.680+01:00,62,13.3
2019-10-31T14:48:28.740+01:00,62,47.301
2019-10-31T15:16:35.460+01:00,62,28.112
2019-10-31T15:47:10.140+01:00,62,30.578
2019-10-31T16:29:17.580+01:00,62,42.124
2019-10-31T17:06:34.080+01:00,62,37.275
2019-10-31T17:26:41.820+01:00,62,20.129
2019-10-31T18:13:13.680+01:00,62,46.531
2019-10-31T18:38:21.900+01:00,62,25.137
2019-10-31T19:10:07.020+01:00,62,31.752
2019-10-31T19:30:11.580+01:00,62,20.076
2019-10-31T19:50:02.520+01:00,62,19.849
2019-10-31T20:32:11.280+01:00,62,42.146
2019-10-31T20:43:31.380+01:00,62,11.335
2019-10-31T20:51:04.740+01:00,62,7.556
2019-10-31T21:00:16.200+01:00,62,9.191
2019-10-31T21:08:54.780+01:00,62,8.643
2019-10-31T21:23:18.780+01:00,62,14.4
2019-10-31T21:58:09.660+01:00,62,34.848
2019-10-31T22:13:33.660+01:00,62,15.4
2019-10-31T22:34:01.380+01:00,62,20.462
2019-10-31T22:41:52.500+01:00,62,7.852
2019-10-31T23:05:07.440+01:00,62,23.249
2019-10-31T23:45:58.200+01:00,62,40.846
2019-10-31T23:51:14.520+01:00,62,5.272
2019-11-01T00:38:45.120+01:00,62,47.51
2019-11-01T01:17:35.340+01:00,62,38.837
2019-11-01T01:34:24.600+01:00,62,16.821
2019-11-01T01:46:20.940+01:00,62,11.939
2019-11-01T02:18:44.880+01:00,62,32.399
2019-11-01T03:05:19.140+01:00,62,46.571
2019-11-01T03:39:36.060+01:00,62,34.282
2019-11-01T03:48:23.880+01:00,62,8.797
2019-11-01T04:16:03.540+01:00,62,27.661
2019-11-01T04:27:27.480+01:00,62,11.399
2019-11-01T04:38:37.440+01:00,62,11.166
2019-11-01T05:23:58.080+01:00,62,45.344
2019-11-01T05:33:52.620+01:00,62,9.909
2019-11-01T05:47:30.660+01:00,62,13.634
2019-11-01T06:24:30.120+01:00,62,36.991
2019-11-01T06:36:02.520+01:00,62,11.54
2019-11-01T07:04:21.480+01:00,62,28.316
2019-11-01T07:26:38.280+01:00,62,22.28
2019-11-01T08:14:01.980+01:00,62,47.395
2019-11-01T08:28:26.100+01:00,62,14.402
2019-11-01T08:48:25.020+01:00,62,19.982
2019-11-01T09:08:00.000+01:00,62,19.583
2019-11-01T09:42:37.860+01:00,62,34.631
2019-11-01T09:57:32.760+01:00,62,14.915
2019-11-01T10:41:26.160+01:00,62,43.89
2019-11-01T10:50:02.820+01:00,62,8.611
2019-11-01T11:35:52.800+01:00,62,45.833
2019-11-01T11:41:41.340+01:00,62,5.809
2019-11-01T12:31:37.800+01:00,62,49.941
2019-11-01T13:15:33.720+01:00,62,43.932
2019-11-01T14:01:30.720+01:00,62,45.95
2019-11-01T14:42:31.440+01:00,62,41.012
2019-11-01T15:10:49.380+01:00,62,28.299
2019-11-01T15:39:19.680+01:00,62,28.505
2019-11-01T15:59:23.340+01:00,62,20.061
2019-11-01T16:09:24.600+01:00,62,10.021
2019-11-01T16:21:37.200+01:00,62,12.21
2019-11-01T16:38:10.380+01:00,62,16.553
2019-11-01T16:56:39.360+01:00,62,18.483
2019-11-01T17:20:02.520+01:00,62,23.386
2019-11-01T17:51:06.180+01:00,62,31.061
2019-11-01T18:15:20.340+01:00,62,24.236
2019-11-01T18:28:37.380+01:00,62,13.284
2019-11-01T19:16:09.180+01:00,62,47.53
2019-11-01T19:38:27.480+01:00,62,22.305
2019-11-01T19:47:09.720+01:00,62,8.704
2019-11-01T19:58:50.880+01:00,62,11.686
2019-11-01T20:38:33.660+01:00,62,39.713
2019-11-01T21:01:27.780+01:00,62,22.902
2019-11-01T21:08:07.740+01:00,62,6.666
2019-11-01T21:37:30.540+01:00,62,29.38
2019-11-01T21:45:01.860+01:00,62,7.522
2019-11-01T22:24:13.680+01:00,62,39.197
2019-11-01T22:30:52.860+01:00,62,6.653
2019-11-01T23:07:56.640+01:00,62,37.063
2019-11-01T23:23:06.300+01:00,62,15.161
2019-11-02T00:08:06.900+01:00,62,45.01
2019-11-02T00:34:37.680+01:00,62,26.513
2019-11-02T01:10:24.840+01:00,62,35.786
